"","Har5hVsNaive_unique","NoHar5hVsNaive_unique","Har5hVsNaive_NoHar5hVsNaive_intersection"
"1","Trib2","Cytip","Myc"
"2","Ndrg3","Pde4b","Irf8"
"3","Ccar1","Hdgf","Klf2"
"4","Ddx39b","Insig1","Lef1"
"5","Pgs1","Ikbkb","Klf6"
"6","Ptprc","Pdia6","Txnip"
"7","Fyn","Rbbp7","Map2k3"
"8","Sbno1","Ccnl1","Slamf1"
"9","Lcp2","Gramd1a","Tcf7"
"10","Ezr","Slc25a5","Rac2"
"11","Eif1","Tkt","Ltb"
"12","Zfp281","Arl6ip5","M6pr"
"13","Abcf1","Psmd6","Tsc22d3"
"14","Ccnl2","Aldoa","Lsp1"
"15","Prkar1a","Eif4h","Dusp10"
"16","Rangap1","Ppif","Shmt2"
"17","Dnaja2","Creld2","Itgb7"
"18","Eno1","2210016F16Rik","Cnn2"
"19","Kcnn4","Fkbp4","Ppp1r15a"
"20","Dnajc3","Srsf2","Tars"
"21","Pdlim1","Hspbp1","Txnrd1"
"22","Rrad","Rtn3","Rnf149"
"23","Mxd1","Akap8l","Sp100"
"24","Lpcat4","Cd247","Zfp52"
"25","Zfp207","Ddost","Il2ra"
"26","Rae1","P4hb","Srm"
"27","Cd48","Lmbr1l","Pmepa1"
"28","Rnf187","Clns1a","Jun"
"29","Satb1","Pja1","Nr4a2"
"30","Sar1a","Tmem147","Nabp1"
"31","2410002F23Rik","Slc30a5","Anxa6"
"32","Lta4h","Mgat2","Orai1"
"33","Arid5a","Gbp4","Arhgap45"
"34","Vps54","Ak2","Gnai2"
"35","Snx17","Slc25a39","Junb"
"36","B4galnt1","Ugcg","Psmd1"
"37","Ppm1g","Cltb","Eif3c"
"38","Casp8ap2","Gsr","Ripor2"
"39","Tecr","Rhoh","Psat1"
"40","Znrf2","Memo1","Bin2"
"41","Tagap1","Fkbp1a","Adgre5"
"42","Srsf3","Man2a2","Fyb"
"43","Zfp53","Usp14","Frat2"
"44","Atp2b1","Srsf5","Nars"
"45","Serinc3","Ecd","Tnfaip3"
"46","Ewsr1","Adsl","Gfi1"
"47","Cast","Banf1","S1pr1"
"48","Sp110","Bcl2l1","Odc1"
"49","Faf1","Znrf1","Noc4l"
"50","Ephx1","Sirt7","Cyp51"
"51","Uimc1","Irf9","Pnrc1"
"52","Mfsd6","Alg5","Rrp1b"
"53","Ergic2","Mbd3","Tspan32"
"54","Tm9sf4","Mad2l2","Evl"
"55","Vps4b","Anp32e","Emp3"
"56","Retreg2","Bag1","Nolc1"
"57","Peli1","Itpkb","Hspa9"
"58","Cblb","Uchl3","Otulinl"
"59","Senp3","Cnn3","Rcsd1"
"60","Kctd13","Gm8369","Cars"
"61","Sptssa","Spcs3","Psme3"
"62","Lsg1","Erg28","Ccnd3"
"63","Pdia4","Slc6a6","Dgka"
"64","Cog8","Otud5","Stx6"
"65","Rftn1","Pigu","Nfkb1"
"66","Acat1","Nub1","Arhgap9"
"67","Vcp","Polr2e","Cnp"
"68","Dazap2","Psmb6","Cd4"
"69","Wbp2","Traf4","Egr2"
"70","Limd2","Slc25a1","Rhof"
"71","Ctsa","Irf2bpl","Tomm40"
"72","Med20","Psmg2","Yars"
"73","Ptcd3","H2-Q7","Mthfd2"
"74","Elavl1","Blmh","Add3"
"75","Cstf3","Dynll2","Tbc1d10c"
"76","Dop1b","Nfkbiz","Slc19a1"
"77","Abhd12","Rexo2","Gars"
"78","Slc25a4","Msto1","Nop2"
"79","Nosip","Zdhhc13","Cd96"
"80","Zdhhc3","Smap2","Sash3"
"81","Bin1","Stard4","Elf1"
"82","Tmem248","Cabin1","Shmt1"
"83","Selenok","Pnisr","Ptpn22"
"84","Bcl2l11","Hnrnpa1","Tle5"
"85","Pafah1b2","Gbp7","Crlf3"
"86","Usp16","Plp2","Atad3a"
"87","Glipr2","Kctd2","Igfbp4"
"88","Iws1","Trim26","Rab8b"
"89","Fosl2","Slc44a2","Hif1a"
"90","Paxbp1","Gpr171","Ctsd"
"91","Ntan1","Ubxn4","Prmt1"
"92","Wdr70","Coro1b","Klf3"
"93","Arfrp1","Plcxd2","Rcl1"
"94","Sltm","Ssr4","Sh2d2a"
"95","Nrros","Fam169b","Entrep3"
"96","Calm3","Uap1","Arhgdib"
"97","Arap2","Xpnpep1","Acp5"
"98","Dnaja1","Herpud2","Mat2a"
"99","Tasor2","Ptges3","Gramd3"
"100","Mtarc2","G6pdx","Slc1a5"
"101","Cactin","Psma6","Celf2"
"102","Naa15","Fbxo33","Ccr8"
"103","Ranbp3","Rxrb","Tagln2"
"104","Pisd","Fh1","Sh3kbp1"
"105","Ints11","Cd40lg","Socs1"
"106","Washc3","Atg12","Pes1"
"107","Pip4k2a","Gpr18","Gspt1"
"108","Ubxn11","Slc38a2","4930523C07Rik"
"109","Med1","Gbp9","Jakmip1"
"110","Tubb2a","Atf7ip","Irf1"
"111","Ptpn11","Akap13","Ncl"
"112","Psmb10","Zfp292","Ypel3"
"113","Prps2","Slc35b1","Ets1"
"114","Usp39","Dnajc21","Dusp1"
"115","Gmppa","Cnot6l","Irs2"
"116","Api5","Crbn","Pdcd4"
"117","Cyb5a","Cbfb","Cct3"
"118","Pde12","Nudc","Cct5"
"119","Ilf3","Psmb3","Coro1a"
"120","Abcf3","Fbxl12","Pdk1"
"121","Sumo3","Parp9","Relb"
"122","Cdk17","Bmi1","Nsun2"
"123","Psmb8","Atf1","Slc38a1"
"124","Polr2a","Ap1ar","Ptpn1"
"125","Brd9","Kdm5a","Ly6a"
"126","Ptpn18","Kmt2a","Cyba"
"127","Ranbp2","A430005L14Rik","Laptm5"
"128","Ptpra","Gsto1","Vim"
"129","Nvl","1600014C10Rik","Prkd2"
"130","Nup85","Paip2","Atp1b3"
"131","Srp68","Snu13","Eif5a"
"132","Cpsf6","Ostc","Septin1"
"133","Kansl2","Aifm1","Abcf2"
"134","Isoc1","Mavs","Nop16"
"135","Ubac2","Pphln1","Cd69"
"136","Ilvbl","Lsm6","Shisa5"
"137","Ldhb","Hps3","Ppp2r1b"
"138","Rbm14","Hjurp","Smyd5"
"139","Twsg1","Apobec3","Gnl2"
"140","Rsu1","Ndufv2","Dkc1"
"141","Usp10","Mynn","St6galnac4"
"142","Dhx36","Tob2","Cd52"
"143","Rabac1","Wipf1","Ran"
"144","Wdr48","Nus1","Pa2g4"
"145","Nubp2","Tgfbr2","Lgals9"
"146","Dad1","Usp25","Cbx4"
"147","Mpnd","Septin11","Marcksl1"
"148","Eci1","Ccdc82","Mapkapk3"
"149","Txk","Stx16","Ddx56"
"150","Gsdmd","Washc2","G3bp1"
"151","Appbp2","Mtx2","Ttc39b"
"152","Commd8","Hmga1","Selenop"
"153","Ckb","Psmd14","Malt1"
"154","Sertad1","Ndufa4","Nifk"
"155","Alkbh1","Ogt","Ppan"
"156","Slc23a2","Zc3h7a","Gm2a"
"157","Rbm17","Arhgef3","Cdh23"
"158","Lrrc59","Pitpnm1","Srgn"
"159","Sfr1","Zfp68","Dennd1c"
"160","Aven","Stat1","Slc9a3r1"
"161","Sra1","Lsm2","Rbms1"
"162","Gpx1","Nop10","Arrb2"
"163","Cdc37l1","Fam193b","Cd27"
"164","Faf2","Herc1","Bysl"
"165","Nt5c","Tnfrsf13b","Sars"
"166","Skil","Laptm4a","Gclc"
"167","Ivd","Ncbp1","Irf4"
"168","Ccdc115","Mtch2","Sik3"
"169","Asah1","Ascc1","Tspo"
"170","Htt","Tmub2","Lbr"
"171","Cdv3","Brd8","Eprs"
"172","Fam3c","Cops5","Ddx21"
"173","Cnot4","Rbm33","Cited2"
"174","Ndufv3","Prps1","Aopep"
"175","Hexa","Nsd3","Ubash3b"
"176","Rel","Tmem41a","Gltp"
"177","Rmnd5b","Btbd19","Eif3l"
"178","Afg3l2","Msl1","Eif6"
"179","Cpsf3","Ndufa11","Tcp11l2"
"180","Urod","Nlrc5","Arrdc1"
"181","Aldh9a1","Tmem64","Adcy7"
"182","Cd3g","Snrpd3","Ruvbl2"
"183","Trmt1","4833420G17Rik","Zc3h12d"
"184","Ccnt2","Bsdc1","Fos"
"185","Scyl3","Prrc2b","Pstpip1"
"186","Rif1","Sephs1","Eif4e"
"187","Lonp1","Spty2d1","Tm9sf3"
"188","Nab1","Kmt5b","Il27ra"
"189","Klf7","Ubald1","Npc2"
"190","Bex3","Hcst","Tnfrsf4"
"191","Psme3ip1","Limk2","Pgam1"
"192","Uckl1","Dhcr24","Skap1"
"193","Paxx","Cacybp","Icos"
"194","Il6st","Cyp20a1","Rnf19a"
"195","Spag9","Birc6","Rpl7l1"
"196","Ankrd12","Snx18","Acap1"
"197","Dld","Pithd1","Sell"
"198","Zfand6","Icam1","Il7r"
"199","Cr1l","Filip1l","Ybx1"
"200","Vamp8","Znfx1","Eif3b"
"201","Hsd17b4","Cdk7","Pus7"
"202","Vps35l","Chd6","Crip1"
"203","Mrgbp","Mrpl39","Ccr7"
"204","Otub1","Thap12","Cnot11"
"205","Cyth4","Kmt2d","Rasgrp2"
"206","Zfp384","Casp2","Cish"
"207","Uchl5","Hdhd5","Mrps6"
"208","Mettl6","Cbl","Ftsj3"
"209","Mettl2","Mea1","Als2cl"
"210","Ms4a4b","Pole4","Slc28a2"
"211","Mrpl43","Cyp4f13","Rrp1"
"212","Tomm22","Ctdnep1","Arhgap15"
"213","Clptm1","Exosc3","Ddx5"
"214","Cep57","Atp5o","Tomm70a"
"215","Cuta","Txndc17","Samsn1"
"216","Oaz2","Lss","Map4k2"
"217","Thy1","Bptf","Strap"
"218","Surf6","Nbr1","Grap"
"219","Zbtb17","Sox4","Rgs2"
"220","Kpna1","Baz2a","Pik3ip1"
"221","Mtf2","Parp14","Ifi213"
"222","Zfand2b","Ap5z1","Ppa1"
"223","Adprs","Stat2","Pdcd1"
"224","4833439L19Rik","Ptp4a1","Metap2"
"225","Glmp","Exoc4","Arl5c"
"226","Ncoa4","B4galt7","Zc3hav1"
"227","Ntpcr","Ndufb7","Tob1"
"228","Slc9a8","Idua","Spout1"
"229","Caprin1","Pan3","Twf2"
"230","Tgs1","Med21","Gtf2i"
"231","Ppig","Tnfrsf1a","Sh3bp1"
"232","Cyth2","Spag7","Pik3r1"
"233","Kdm1a","Bltp1","Chd7"
"234","Cog2","Higd1a","Pecam1"
"235","Ubp1","Mrps12","Spry1"
"236","Rbm26","Acbd6","Pkm"
"237","Alkbh6","Git2","Wdr43"
"238","Nipsnap1","Tra2a","Ikbke"
"239","Nup107","Ube2a","Akna"
"240","Zfp513","Clec2i","Psma5"
"241","Tnfrsf26","Xrcc5","Crem"
"242","Cln3","Fam118b","Lcp1"
"243","Nr4a1","Pitpnc1","C1qbp"
"244","Ddrgk1","Dus2","Umps"
"245","Zfp445","Pag1","Dock8"
"246","E2f4","Manf","Acsl4"
"247","Dtd1","Hacd2","Rps6ka1"
"248","Ccdc9","Smurf2","Saraf"
"249","Nsdhl","Wdr24","Hivep3"
"250","Ebpl","Smchd1","Cct6a"
"251","Rcc1l","Tmem131l","S100a10"
"252","Prkca","Setd2","Cd53"
"253","Ap3b1","Rtraf","Bzw1"
"254","Tpp1","Phf3","Rpn1"
"255","Eri3","Tent5a","Mlec"
"256","Ptpn4","Vps13a","Phf1"
"257","Cd81","Pfdn6","Cdk4"
"258","Ttpal","Fpgs","Cmah"
"259","Gpcpd1","Usf1","Utp4"
"260","Igsf8","Tmem208","Cdc34"
"261","Chmp4b","Cyhr1","Sema4a"
"262","U2af2","Pmvk","Sigirr"
"263","Rgs10","Id3","Themis"
"264","Akr7a5","Cnpy2","Lipa"
"265","Dapp1","Fam120b","Gps1"
"266","Dusp7","Foxk1","Polr3h"
"267","Sec11c","Gusb","Rnft1"
"268","Cst7","Kdm3a","Nhp2"
"269","Tfeb","Hspe1","Ppp2r5a"
"270","Lmbrd1","Ifi214","Kif21b"
"271","Eml4","Mcu","Vsir"
"272","Map1s","Rnf145","Anxa5"
"273","Pigp","Ep300","Sit1"
"274","Sh3bgrl","Flot2","Abce1"
"275","Tpgs2","Dph6","Psap"
"276","Sec22a","Zfp110","Ctss"
"277","Cryzl1","Tle3","Sh3bgrl3"
"278","Ift27","Vdac3","Ppp1r18"
"279","Micu1","Fyco1","Slc16a1"
"280","Vps72","Cep83","Arhgap4"
"281","Slain2","Ndufaf8","Lars"
"282","Hps1","Herc4","Sqle"
"283","Kcna3","Dync1h1","Hnrnpll"
"284","Yipf6","Dctd","Tubb5"
"285","Uhrf1bp1l","Phf13","Rcc1"
"286","Plaur","Mrps24","Slc3a2"
"287","Tasp1","Gga1","Esyt1"
"288","Msh2","Eml3","Sh3bp5"
"289","Nkapd1","Naa35","Stk10"
"290","Nabp2","Kidins220","Chd3"
"291","Sergef","Stag2","Traf3ip3"
"292","Spopl","Hook1","Serbp1"
"293","Szrd1","Tha1","Nle1"
"294","Flot1","Klhl24","Bop1"
"295","Cltc","Serpinb6a","Timm50"
"296","Ids","Tbc1d22b","Zwint"
"297","Mecr","Pdxk","Clk1"
"298","Capns1","Cyb5r1","Rnf167"
"299","Btbd6","Sbf1","Add1"
"300","Tada3","Trim12a","Uba1"
"301","Ubap2","Mrpl35","Psmd7"
"302","Mtf1","Slc25a36","Kpna2"
"303","Nkg7","Mrps36","Samhd1"
"304","Asb3","C87436","Ddx1"
"305","Clcn3","Ebag9","Psmd2"
"306","Glb1","Eny2","Slc49a4"
"307","Tfip11","Arid2","Slc7a1"
"308","Dnpep","Gatd1","Maf1"
"309","Trp53rka","Dhrs13","Sri"
"310","Gpr107","Pdcd5","Camk2d"
"311","Sfxn2","Fryl","Stt3a"
"312","Ap1g2","Setdb2","Lamp2"
"313","Syt11","Cdk2ap1","Plec"
"314","Zswim8","Iffo1","Tcp1"
"315","Rdh12","Acat2","Sting1"
"316","Trit1","Ciart","Fam210a"
"317","Ppil1","Madd","Dok2"
"318","Kansl3","Ankzf1","Tecpr1"
"319","Tnfrsf12a","Zfp512","Gcsh"
"320","Nipa2","Tmem41b","Med14"
"321","Cert1","Rpp30","Dapl1"
"322","2510002D24Rik","Arhgef2","Sgms1"
"323","Haus6","Fam149b","N4bp2l1"
"324","Zfp598","Pdk3","Slain1"
"325","Oxsr1","Mrpl45","Slc7a6"
"326","Crybg1","Rwdd1","Phb2"
"327","Fam234b","Kdm3b","Tuba1a"
"328","Igtp","Psmg1","Gstp1"
"329","Pabpn1","Eloc","Ddx39a"
"330","Mrm3","Sar1b","Cct7"
"331","Stat5a","Baz2b","Ccdc88c"
"332","Nfat5","Zfp871","Nop56"
"333","Nucks1","Rnf121","Grk6"
"334","Tubgcp2","Mtmr12","Tinf2"
"335","Ngrn","Dbi","Syncrip"
"336","Tmem192","Hps5","Nfkbid"
"337","Ipo7","Trim59","Tusc2"
"338","Rev1","Cd177","Sesn1"
"339","Prkag1","Rpap3","Ndfip1"
"340","Bloc1s2","Tcta","Inpp5k"
"341","Gpd2","Smurf1","Vmp1"
"342","Slc39a11","Parp11","Cenpa"
"343","Tacc2","Nemp2","Dnajc11"
"344","Fuca2","Gigyf1","Tnfsf8"
"345","Bdp1","Ski","Prpf31"
"346","Ddit3","Lrif1","Slc17a9"
"347","Trbv2","Syce2","Arhgef18"
"348","Ppt1","Trappc6a","Mrpl17"
"349","Bcl6","Soat1","Csrp1"
"350","Tmem70","Inpp1","Ruvbl1"
"351","Lrrc41","Sfi1","Ppp3cc"
"352","Bclaf3","Msl2","Arid5b"
"353","Csnk2a1","Sdf2l1","Hspa4l"
"354","L3mbtl2","Mcoln1","Cd37"
"355","Hsdl2","Rtp4","Ddx27"
"356","Cacfd1","Pex6","Scml4"
"357","Capg","Cep350","Sh3glb2"
"358","Iah1","Nars2","Traf5"
"359","Rcan3","Lrrc45","Lgals1"
"360","Cdk16","Slc39a10","Rgs14"
"361","Nup98","Polr3g","Ldlrap1"
"362","Srd5a3","Dph3","Ldha"
"363","Cpne2","Ptcd1","Gpr183"
"364","Amz2","Eif2ak3","Arhgef1"
"365","Stam2","Ehd4","Idh2"
"366","Dcaf4","Dnph1","Acsl3"
"367","Ap1s2","Rsbn1","Ifrd2"
"368","Baiap2","Pfdn2","Arhgef6"
"369","Ddx51","Csrnp1","Itga4"
"370","Trbv19","Phc3","Gata3"
"371","Mtor","Dhx58","Pacs1"
"372","Cdca7l","Zfp260","Ntmt1"
"373","Arrdc2","Zfp687","Sorl1"
"374","Mto1","Inpp5e","Slc28a2b"
"375","Gemin2","Egfl7","Cct8"
"376","Chd9","Trmt5","Wdr75"
"377","Prf1","Hint1","Tfrc"
"378","Recql","Rnpepl1","R3hdm4"
"379","Galt","Igf2r","Eif1a"
"380","Atp13a1","Lman1","Etf1"
"381","Ncoa2","Zfp740","Plk3"
"382","Washc5","Med12","Thumpd3"
"383","Mrs2","Thoc6","Gpr132"
"384","Commd10","Atp23","Ankrd46"
"385","Slc35a2","Lins1","Map1lc3b"
"386","Taf9b","9430015G10Rik","Lpxn"
"387","Fbxo22","Mark2","Dnajb9"
"388","Hk1","Gk","Nsg2"
"389","Rnaset2a","Basp1","Msmo1"
"390","Tmem126a","Fkrp","Stat3"
"391","Nup133","Map3k1","Rinl"
"392","Sirt1","Zfp322a","Dnajb1"
"393","0610030E20Rik","Rbm15","Actn1"
"394","Osgep","Tle6","Rasa3"
"395","Gne","Chchd10","Tnfaip8"
"396","Gcn1","Shd","Smc4"
"397","Scrn2","Tep1","Sdad1"
"398","Dpp8","Il22","Il16"
"399","Top3a","E2f5","Got1"
"400","Mocs3","Mief2","Gtpbp4"
"401","Jak2","Cln8","Pcyt2"
"402","Trappc1","Nrn1","Rars"
"403","Isg20","Polr2i","Galnt10"
"404","Abcc4","Ldlr","H2-Q6"
"405","Jak3","Stk24","Ranbp10"
"406","Sft2d2","Plcg1","Bnip3l"
"407","Orc2","Zfp566","Mrto4"
"408","Mob1b","Wdr83os","Prkcb"
"409","Mmut","Rpp40","Idh3a"
"410","Arv1","Ncmap","Stim1"
"411","Camk1d","Rragb","Rab3ip"
"412","Abcg2","Mphosph8","Emb"
"413","Lmf2","Slc19a2","Tcerg1"
"414","Fech","Ccdc50","Chst2"
"415","Lcmt1","C2cd3","Wdr46"
"416","Stap1","Mfap1a","Vps37b"
"417","Bud13","Ccl22","Klhdc3"
"418","Nploc4","Unkl","Kars"
"419","Kyat1","Dnaja4","Slco3a1"
"420","Rassf1","Apex2","Klhdc2"
"421","Tent4a","Etfbkmt","Pik3r5"
"422","Garin3","Aida","Kras"
"423","Dap","Tm6sf1","Tnfrsf9"
"424","Copg2","Dennd4a","Chchd4"
"425","Tmem80","Blvrb","Lasp1"
"426","Morc2a","Bmt2","Cse1l"
"427","Ppp1r21","Zxdc","Grk2"
"428","Phtf1","Slc29a3","Hpcal1"
"429","Gpn2","Ip6k1","H2-T22"
"430","Wrap53","Kpna4","Esd"
"431","Prkag2","Uty","Dedd2"
"432","Npat","Atp6v0a1","Aars"
"433","Zfp553","Gstm1","Jund"
"434","Cep104","Pik3r3","Tesc"
"435","Cln5","Pde7a","Mfsd2a"
"436","Dgcr2","Tbc1d9b","Nob1"
"437","Pcbp3","Samd8","Faah"
"438","Rbm15b","Smco4","Nip7"
"439","Golt1b","Helz","Rpp14"
"440","Gan","Ptpmt1","Psmb9"
"441","Rtn4","Magohb","Rsrp1"
"442","Abcb8","Cdan1","Ivns1abp"
"443","Tbc1d19","Zfp677","Metap1"
"444","Tbc1d14","Top1mt","Rasgrp1"
"445","Cfl2","Gabbr1","Fam136a"
"446","Smg8","Acads","Stk17b"
"447","Atox1","Ppp1r16a","Ifngr2"
"448","Pot1a","Zfp141","Lmnb1"
"449","Zfp87","Parp4","Ccng2"
"450","Asl","Tigit","Noc2l"
"451","Ints6l","Tom1","Tuba1c"
"452","Pold1","Zswim7","Hsd17b12"
"453","Dnajc16","Trim33","Frmd8"
"454","Odr4","Atf3","Mettl1"
"455","Fam91a1","Brms1l","Smarca2"
"456","Polr3a","Atp13a2","Wars1"
"457","Il15ra","Map3k5","Pla2g12a"
"458","Ints3","Rnf213","Hgh1"
"459","Mus81","Gtf2h4","Acaa2"
"460","Eya3","Slc66a2","Rgcc"
"461","Med16","Ap3s2","Eif2s1"
"462","Ocel1","Crtap","Grwd1"
"463","Cdkal1","Gm49396","Cct2"
"464","Ric1","Dyrk1b","Hsd11b1"
"465","Trp53inp1","Dhx57","Phf5a"
"466","Tmco4","Pan2","Bcl3"
"467","Usp36","Sp4","Eif4a1"
"468","Lpin2","Usp32","S1pr4"
"469","Fbxo34","Phf2","Ppcdc"
"470","Aldh3a2","Acsbg1","Hspd1"
"471","Pdzd8","Tmem238","Eif4ebp1"
"472","Lca5","Apoo","Gmfg"
"473","Rad1","Nckap5l","Cyth1"
"474","Zkscan1","Tcf20","Pum3"
"475","Hgsnat","Npas4","Zfp36l2"
"476","Nt5e","Cenpb","Ddx28"
"477","Gemin5","Hipk3","Fbl"
"478","Mcub","Dock9","Ankrd44"
"479","Gja1","Eif2s3x","Rrs1"
"480","Pdcl","H2-Q2","Hp1bp3"
"481","Tcirg1","C1galt1c1","Ghitm"
"482","Ptk2","Car2","Pdlim2"
"483","Gga3","Phf12","Clpp"
"484","Septin8","Rev3l","Sh2d3c"
"485","Mief1","Mms22l","Gbp8"
"486","Ppme1","Penk","Kbtbd2"
"487","Slc30a6","Osbpl7","Selplg"
"488","Notch1","Fan1","Txn2"
"489","Nit2","Poglut2","Per1"
"490","Cd8b1","Timm10b","Def6"
"491","Gstm4","Gins2","Pmpca"
"492","Zfp40","Myo1c","Tnip2"
"493","Mad1l1","Zfp975","Anp32b"
"494","Ehbp1l1","Frrs1","Eif4a2"
"495","Rfxank","Naif1","Anapc11"
"496","Ggh","E2f8","Rflnb"
"497","Kdm2b","Dennd4c","Rnf157"
"498","Phtf2","Rhbdd3","Cd3eap"
"499","Slc22a5","Stoml1","Ninj1"
"500","Zfp35","Fuz","Psmc4"
"501","Cers4","Zfp949","Psmc1"
"502","Hddc2","Spin2c","Orai2"
"503","Rpap1","Ap5s1","Itpr2"
"504","Ppox","Cand2","Tdrp"
"505","Mad2l1","Ncoa1","Slamf6"
"506","Chpf2","Pheta1","Mfsd5"
"507","Ccdc102a","Ikzf2","Pbxip1"
"508","Ggact","L2hgdh","Iars"
"509","Apool","Tgtp1","Rin3"
"510","Iqcb1","E2f7","Nop14"
"511","Sytl2","Smim36","Spop"
"512","Dnajb2","Ier3","Ehd3"
"513","Bpgm","Katnbl1","Mbd2"
"514","Septin2","Phldb3","Klhl6"
"515","Mutyh","Cgas","Klf13"
"516","Lrrc28","Fhip2b","Itga6"
"517","Amdhd2","Rnaseh2b","Scp2"
"518","Lad1","Ube2cbp","Abhd8"
"519","Snx15","Nutm1","Zmynd19"
"520","Idh1","Tmem35b","Gimap6"
"521","Tmem62","Zfp771","Aen"
"522","Dync2h1","Ndufaf2","Map3k8"
"523","Scaf4","Tmem39b","Stip1"
"524","Ino80","Mrps25","Cyb5b"
"525","Atp13a3","Slc25a37","Mogs"
"526","Smpd2","Fgd3","Zfand2a"
"527","Plekha5","Epcam","Dck"
"528","Sf3b3","B3glct","Nol8"
"529","Kdm5c","Tmem94","Otud1"
"530","Rptor","Slc25a26","Nup62"
"531","Maged2","Gm20696","Bcat2"
"532","Exog","Rwdd2b","Adamts10"
"533","Rhebl1","Npw","Ipo4"
"534","S100a11","Fcsk","Stard3"
"535","Mospd1","Zfand1","Pin1"
"536","Shkbp1","Pdzk1ip1","Larp1"
"537","Immp1l","Prdm10","Nop9"
"538","Gtf2a1","Tcam1","Cinp"
"539","AW554918","Ms4a4d","Psmc5"
"540","Cutc","Foxred2","Hat1"
"541","Fkbp2","Fcho2","P2ry10"
"542","Gpr180","Sgo1","H1f2"
"543","Fancg","Etv4","Sipa1"
"544","Anapc13","Ncapd3","Gnl3"
"545","Htatip2","Cdh24","Nop58"
"546","Sdcbp2","Hmgb3","Phgdh"
"547","Glul","Gldc","Ctps"
"548","Tbcd","Glmn","Pkp3"
"549","Igf1r","Slc29a2","Golga7"
"550","Lamb3","Ctc1","Elac2"
"551","Bbln","Krba1","Retreg1"
"552","Rab5if","Birc5","Hspa4"
"553","Fam174a","Cul9","Pttg1"
"554","Ints2","Diaph2","Fubp1"
"555","Gcat","Pank1","Grina"
"556","Mthfr","Tmem241","Jpt2"
"557","Snapc5","Rab5b","Spata5"
"558","Elk1","Cercam","Cops6"
"559","Ubqln4","Angptl4","Egr1"
"560","Msra","Lmo2","Naa50"
"561","Npc1","Usf2","Ddx18"
"562","Amn1","Fanci","Slc12a7"
"563","Cnpy4","Mapkbp1","Rere"
"564","Disp1","Inpp4a","Gimap5"
"565","Eef2k","Rtn2","Ube2h"
"566","Dph1","Tnrc18","Dtx1"
"567","Lsm11","Slc16a13","Mafg"
"568","Casc1","St6galnac6","Mppe1"
"569","Atp11a","Manea","Ctps2"
"570","Lpcat1","Insyn2b","Card11"
"571","Hace1","Kcns1","Tap1"
"572","Katnip","Cir1","Pycard"
"573","Pcgf1","H4c4","Cul2"
"574","Atm","Zbtb6","Cdkn2d"
"575","Ypel2","Plcl1","Hmgb2"
"576","Crocc","Gca","Ehd1"
"577","Csrnp2","Wdr6","Pwwp3a"
"578","Cep70","Snx9","Oxct1"
"579","Osm","9130023H24Rik","Mapk6"
"580","Itpr1","Map3k12","Ighm"
"581","Fgl2","Prnp","Cd300c2"
"582","Arl16","1110032A03Rik","Klhdc4"
"583","Abhd2","Ap5b1","Gpr65"
"584","Zfp934","Gbp2b","Ssbp2"
"585","Antxr2","Sema4d","Stk4"
"586","Ece1","Il1b","Smim3"
"587","Ust","BC049715","Actl6a"
"588","3830406C13Rik","Dnah12","Isy1"
"589","Cenpc1","Smim26","Usp3"
"590","St3gal5","Hyls1","Bax"
"591","Dgcr8","Mgat4a","Rnf125"
"592","Flrt3","Syngr1","Nol9"
"593","Mpp7","Elmo3","Ubfd1"
"594","Bet1","Auts2","Eif3d"
"595","Nup160","Zkscan7","Vamp2"
"596","Dennd3","Fbrs","Smim29"
"597","Stn1","Anxa3","Mndal"
"598","Vrk2","Ppic","Smpdl3a"
"599","Mtrf1l","Castor2","Stk38"
"600","Arl15","Specc1","Gtf2f1"
"601","Dmac2l","Carf","Psmc2"
"602","Hs3st3b1","Bmp1","Slc35b2"
"603","Slc30a1","Ckap2","Por"
"604","Mapk1ip1","Zswim5","Morf4l2"
"605","Hopx","Entpd7","Galk1"
"606","Nudt1","Zpbp2","Mpp1"
"607","Def8","Tcaim","Ppp1r14b"
"608","Msantd2","Zbtb4","Vipr1"
"609","Lamtor4","Ighv1-39","Immt"
"610","Sec24d","Rnf227","Utp6"
"611","Tmem159","Prelid2","H2az2"
"612","Simc1","Ly6k","Tmsb4x"
"613","Nnt","Eif5a2","Aldh18a1"
"614","Cenpq","Zfyve21","Gmppb"
"615","Relt","Zfp865","Macf1"
"616","Gaa","Nme6","Vrk3"
"617","Exo5","Sh3tc1","Eea1"
"618","Rida","Zadh2","Jagn1"
"619","Nat9","Trappc2","Acss2"
"620","Cdk5rap2","Agap2","Wdr77"
"621","Zfp729a","C8g","Prdx1"
"622","Cdk8","Dusp28","Ppid"
"623","Hscb","Gm12185","Lman2"
"624","Gpatch11","Pros1","Polr1e"
"625","Ss18l2","Cdo1","Cflar"
"626","Lratd2","Clec5a","Rrp9"
"627","Eme2","Ercc6l","Slc25a12"
"628","Ppard","Dnai4","Tap2"
"629","Slc22a2","Jazf1","Itm2a"
"630","Exoc8","Setmar","Zmynd8"
"631","Capn15","Rab11fip2","Dusp5"
"632","Pggt1b","Hacd1","Rab37"
"633","Eno3","Actn3","Ptger2"
"634","Rabl3","Pou5f2","Ppat"
"635","Cmc2","H2bc6","Dph2"
"636","Zfp617","Cask","Cnppd1"
"637","Rad52","Hmbox1","Psmd12"
"638","Ap2a1","Wdcp","Chac1"
"639","Unc119","Zc3hav1l","Coro7"
"640","Zdhhc12","Nudt2","Lap3"
"641","4930579G24Rik","Rbpms2","Nsun5"
"642","Spidr","Pde11a","Ccdc117"
"643","Glcci1","Hbegf","Psen2"
"644","Sft2d3","Clcn5","Hbp1"
"645","Dhrs1","Mmp12","Arih2"
"646","Ndufaf7","Henmt1","Dhrs7"
"647","Dvl3","Atxn7","Flt3l"
"648","Egr3","Ighv4-1","Sptbn1"
"649","Zfp729b","Ankrd29","Wdr12"
"650","1700030K09Rik","Parp12","Treml2"
"651","Mterf4","Nutf2-ps1","Dyrk2"
"652","Tpd52","Cecr2","Dis3"
"653","Pctp","Car8","Stx11"
"654","Napepld","Timmdc1","Cept1"
"655","Lgals3","Ociad2","Pnpla7"
"656","Vdr","Clstn3","Nol11"
"657","Sec23a","Sptbn2","Nck2"
"658","Nbas","Dram1","Gsn"
"659","Trdmt1","Dapk1","Ago2"
"660","Pom121","Ccdc191","Ciapin1"
"661","Mettl15","Rps6kc1","Gnl1"
"662","N4bp2","Tsga10","Cpm"
"663","Pdik1l","Zdhhc1","Ipo5"
"664","Skap2","Pcx","Cct4"
"665","Tfcp2","Tdgf1","Hpgd"
"666","Prdm15","Mypop","Rassf2"
"667","Tmco6","Tiam2","Aatf"
"668","Glt8d1","Socs7","Rsl1d1"
"669","Limk1","Pou6f1","Tspyl1"
"670","Tmem230","P2ry14","Fli1"
"671","Adora2a","Ager","Psma4"
"672","Kctd7","Marcks","Dnajb4"
"673","Atg2b","Ttc30b","Il6ra"
"674","Wdr47","Raet1d","Cdc16"
"675","St3gal2","Rsph3a","Ipcef1"
"676","Cdk20","Tmtc3","Lrrc8c"
"677","8030462N17Rik","Abhd14b","Eif2b5"
"678","Cep78","Traip","Setx"
"679","Ggct","Stard8","Jak1"
"680","Kptn","Marf1","Epsti1"
"681","Cuedc2","Zfp964","Il2rb"
"682","Gnb1l","Popdc2","Capn2"
"683","Ubxn7","Ldlrad3","Prpf40a"
"684","Adam15","Rab43","Eif3g"
"685","Dhx37","Trbv30","Flna"
"686","Tbccd1","Tmc4","Rpa1"
"687","Lyrm9","Fhit","Wdr55"
"688","Rpgrip1l","Pomc","Kmt2c"
"689","Ddit4","Siah3","Gclm"
"690","Nipal1","Fbxo48","Pwp1"
"691","Wiz","Ttc41","Tnip1"
"692","Bbs4","Ppp2r3a","Clip1"
"693","Lnpk","Slc46a1","Ssbp3"
"694","Gla","Tmem267","Farsa"
"695","Pde6b","Snrpf","Kmt5a"
"696","Ttc28","Celsr2","Prmt3"
"697","Usp46","Acrbp","Wdr61"
"698","Prxl2a","Icam5","Nmd3"
"699","Jade1","Trbj1-1","Ramp1"
"700","Hyou1","Enpp2","Lancl1"
"701","Gm17455","Prickle1","Zdhhc6"
"702","Xrcc4","Ypel4","Tbc1d1"
"703","Ccl6","Arap3","Psma7"
"704","As3mt","Ribc1","Timm10"
"705","Cbr4","Smug1","Irf2"
"706","Ralgapa2","Ccnf","Entpd5"
"707","Pcbp4","Rwdd3","Mars1"
"708","Rpl36al","Aunip","Ebna1bp2"
"709","Klhl22","Cst6","Fabp5"
"710","H2-T24","Hyal1","Acot2"
"711","Ano10","Tmed1","Wdr36"
"712","Ero1b","Slc18a2","Spata6"
"713","Zfp580","C77080","Snrpb"
"714","Ankrd37","Coprs","Tbl3"
"715","Mtm1","Haspin","Baz1a"
"716","Prpsap2","Smo","Ppm1h"
"717","Cdkl3","Ccdc138","Treml4"
"718","Mylpf","Axdnd1","Sfxn3"
"719","Ube2o","Pcnx","Map2k6"
"720","Pard6g","Slc23a1","Zfp948"
"721","Rbm47","Spag5","Ubash3a"
"722","Cherp","Zfp273","Polr1c"
"723","Zbtb40","Lzts3","Knop1"
"724","Zfp780b","Zfp169","Tgfbr3"
"725","Apbb1","Mmp17","Myo1g"
"726","Txnrd2","Esco2","Adgre4"
"727","Atcay","Rpusd2","Scarb2"
"728","Masp2","Atp8a2","Mettl16"
"729","Tram2","Ngp","9530068E07Rik"
"730","Erc1","Tbc1d7","Eef1aknmt"
"731","Mfsd8","Spats2l","Gsk3b"
"732","Ipo13","Doc2g","Map4k1"
"733","Bach1","Map3k20","Slc29a1"
"734","B4gat1","4931406C07Rik","Ech1"
"735","Lhpp","Efcab5","Phf6"
"736","Pigyl","Spdya","Agpat5"
"737","Hibch","Pde1b","Ldb1"
"738","Mib1","Slc16a3","Rbpj"
"739","Cep89","Aldh1a2","Adi1"
"740","F3","Kyat3","Cdc42se2"
"741","Dsn1","Kif2c","Ctu2"
"742","Lrrc27","Lhfpl2","Gpsm3"
"743","Grk3","6430571L13Rik","Nom1"
"744","Rras","Zfp2","Csk"
"745","Decr1","Gm14326","Krr1"
"746","Ly96","Cerkl","Cat"
"747","Eno1b","Trip13","Atp2a3"
"748","Arxes2","Adam4","Larp4"
"749","Gmnn","Aoah","Sat1"
"750","Spata48","Tafa3","Psmd11"
"751","Milr1","St6galnac3","Farsb"
"752","Dynlt2b","Ska2","Hars"
"753","Tgm2","Echdc1","Cdca7"
"754","Rab29","Maoa","Nup93"
"755","Aoc2","Esrp2","Mrtfa"
"756","Cep19","Mtfp1","Rnf166"
"757","Igkv4-58","Trip10","Elovl1"
"758","Atrip","Tmem237","Kcnab2"
"759","Rfx5","Dhrs3","Zkscan14"
"760","Ptpro","Plcg2","Pusl1"
"761","Rbmx2","1700028J19Rik","Chpf"
"762","Wdtc1","Cntln","Mrps2"
"763","Snrnp25","F2rl2","Gart"
"764","Aurka","Scnn1a","St8sia6"
"765","Zfp300","Zscan25","Syngr2"
"766","Chek2","Gcnt2","Mrpl50"
"767","Galnt9","Rnls","Il21"
"768","Gm45902","Kntc1","Dot1l"
"769","Rln3","Ammecr1","Kti12"
"770","Nradd","Ccl17","Fchsd2"
"771","Igkv8-24","Cdnf","Hnrnpab"
"772","Agbl5","Capn5","Prr14"
"773","Pcyt1a","Mfsd3","Sema7a"
"774","Ddb1","Npff","Fam78a"
"775","Ofd1","Zfp418","Carns1"
"776","Esm1","Nxnl2","Noc3l"
"777","Bex2","Styk1","Ncf4"
"778","Tmem219","Pld6","Crim1"
"779","Tmem216","Pak6","Ube2q2"
"780","Mvk","Prrt3","Ssr2"
"781","Hemgn","Ankrd6","Cdk5"
"782","Yae1d1","Ccdc74a","Pik3cd"
"783","Kics2","Kcnmb4","Serpinb9"
"784","Traj35","Mipol1","P2ry13"
"785","Rnf141","Gm10184","Prmt5"
"786","Pla2g4a","Trpv6","Nek7"
"787","Ppp1r37","Kcnf1","Rheb"
"788","Slc24a5","Arhgef10l","Frmd4b"
"789","Ctnnbip1","1700029J07Rik","Cd200"
"790","Hmgxb3","Spata1","Rab18"
"791","Slc2a8","Gm49405","Ubl4a"
"792","Lsmem2","Tbxas1","Atp1b1"
"793","Tmppe","Dtx4","Eif1ad"
"794","Pgap2","Gm7324","Tnfrsf1b"
"795","Cma1","1700010I14Rik","Sh3bp2"
"796","4930503L19Rik","Zfp873","1110032F04Rik"
"797","Irgm2","1700019D03Rik","Tnf"
"798","Sfmbt2","Bak1","F2r"
"799","Dnase2a","Dipk1c","Grap2"
"800","Rundc3b","Klre1","Alg3"
"801","Nol6","Ifih1","Cd82"
"802","Dcdc2b","Wdr59","Ranbp1"
"803","Ipp","Sh3bgrl2","Zbtb21"
"804","Sec14l1","H2ac6","H2-T10"
"805","Haus1","Alms1","Gdi1"
"806","Pard6a","Efcab7","Ing3"
"807","Rassf4","Eomes","Plcl2"
"808","Fktn","Pgpep1l","Mdp1"
"809","Nthl1","Tmem17","Ikzf3"
"810","Anxa4","Mansc1","Pea15a"
"811","Bloc1s1","Trav1","Batf"
"812","Lysmd3","Fzd5","Thra"
"813","Aga","Spp1","Unc13d"
"814","Mettl25","Trbj2-4","Mybbp1a"
"815","Zfp770","Sez6l2","Siah2"
"816","Cyb5rl","Gm28053","Uqcrq"
"817","Iftap","Fbxo36","Ppp1r16b"
"818","Pex10","Plekha6","Mbnl1"
"819","Frs3","Thnsl1","Epop"
"820","Serpina3g","Il17rb","Ngly1"
"821","Acadsb","Vwf","Cd300ld"
"822","Trim65","Aldh1l2","Tnfrsf25"
"823","Fam174c","Gkap1","Cyp2s1"
"824","Ccdc30","Tuba8","Tox2"
"825","Pars2","Ulbp1","Irf7"
"826","Mtrfr","Acyp2","C6"
"827","Acsl6","Ptprf","Ilf2"
"828","Traj18","Zfp101","Cdkn1b"
"829","Zfp790","Scg2","Cd55"
"830","Rnd2","Scart2","Rbl1"
"831","Hdc","Zfp933","Tmsb10"
"832","Zfp560","Atn1","Septin7"
"833","Ncf1","Samd3","Tut1"
"834","Frmd4a","Naaladl1","Aacs"
"835","Il18rap","Mex3a","Ide"
"836","Plxnb1","Nfatc2ip","Mdfic"
"837","C2cd5","Igkv5-48","Cdk19"
"838","Trim16","Itga2b","Cops7a"
"839","Zfp385a","Fv1","Apba3"
"840","Mettl21c","Mtfr2","Dpp4"
"841","Uhrf1","Trim7","Ramp3"
"842","Thoc2l","Obp2a","Mllt10"
"843","Ppm1e","Spry2","Gar1"
"844","Tlr6","Pou4f1","Dnlz"
"845","Pde6d","Slc39a2","Cars2"
"846","Atxn1l","Repin1","Adipor2"
"847","Ltb4r1","Myh11","Arid1a"
"848","Gpat3","Ifit1bl2","Supv3l1"
"849","Atosb","Rpl10-ps3","Nsun4"
"850","Ankrd33b","Tulp2","Ddx10"
"851","Endod1","Prkab2","Phf11b"
"852","Tmem120b","Prelid3a","Tmem134"
"853","Rab11fip4","Wscd2","Icam2"
"854","Zcchc3","Tmem79","Tmem97"
"855","Fndc9","Nacad","Nol10"
"856","Polq","Palm3","Cd2"
"857","Nmnat3","Abhd18","Cnih4"
"858","Ube2v1","Il6","Il10rb"
"859","Scpep1","Tulp3","P2rx7"
"860","S100a1","Nckap1","Timm9"
"861","Tuba3a","Zfr2","Abca7"
"862","Tfdp2","Rab26","Mylip"
"863","Plp1","Ttyh2","Sptan1"
"864","Ercc2","Lig4","Tsr1"
"865","Ablim2","Il1a","Sik1"
"866","Ttf2","Ggnbp1","Adss"
"867","Mvb12b","Ccdc15","H2-Ob"
"868","Trim2","Tmsb15b1","Surf2"
"869","Pmm1","Gad1","Birc2"
"870","Csad","Eno2","Ssr1"
"871","Ighv1-53","Nrgn","Rrp15"
"872","S100a8","Gdf11","B3galt6"
"873","Setd1a","Depdc1a","Trmt11"
"874","Nf1","Peli2","Zmpste24"
"875","Asb7","Plpp2","Cpsf2"
"876","Dscc1","Itga10","Stoml2"
"877","Crybg2","Igsf3","Leo1"
"878","Sgpp2","Ss18l1","Hmgcs1"
"879","Fancb","Sec31b","Smim12"
"880","Rnase4","Trav2","Asap1"
"881","Tspan33","Ldhd","Ext1"
"882","Tmem143","Dgkq","Nme1"
"883","Avpi1","Thrb","Plaat3"
"884","Dnal4","Tnfrsf8","Mgst2"
"885","Poglut3","Dusp9","Ythdf2"
"886","Rab4a","Sarm1","H2-Q5"
"887","Cybb","Plekha4","Nup54"
"888","Or1o4","Gm12166","Naa25"
"889","Dna2","Cdcp1","Rfx1"
"890","Adap1","Med12l","Med13"
"891","Cox6b2","Cenpk","Timp2"
"892","Trpm6","Zbtb46","Fam117a"
"893","Mmaa","Slc35f5","Znrd2"
"894","Zfp41","Mef2b","Clptm1l"
"895","Zfp217","Igf2bp2","H2-DMa"
"896","Dipk1b","Zfp583","Rgl2"
"897","Cenpm","Cabcoco1","Blcap"
"898","Nfia","Ncapg","Aff3"
"899","Gtf3c3","Arl6","Cdc25b"
"900","Tpbgl","Mst1","Dtnb"
"901","Cenpw","Dgkg","Mdn1"
"902","Mlf1","Gpr157","Cd226"
"903","Wdsub1","Serhl","Ahsa1"
"904","Ehhadh","Ankmy1","Thoc3"
"905","Mospd2","Zfp879","Slco2b1"
"906","Vmn2r96","H4c9","Ndc1"
"907","Dclre1a","Atxn1","Atp6v0b"
"908","Hp","Ptpn13","Aimp2"
"909","Pik3cb","Uprt","Tmem71"
"910","Zfp219","Traj22","Elp5"
"911","Zfp984","Ica1","Il21r"
"912","Zfp709","Qrfp","Psma3"
"913","Tns1","Cxcr1","Akt2"
"914","Nbdy","Adrm1b","Tmem165"
"915","Traj21","Inka2","Pdlim4"
"916","Ccdc62","Smim27","Ranbp9"
"917","Dip2c","Npdc1","Xpot"
"918","Gramd1c","Zeb2","Rcc2"
"919","Bad","Mblac1","Lipg"
"920","Ppbp","Smim10l2a","Prex1"
"921","Cdc45","Armcx4","Ifnar1"
"922","Il1rap","Pimreg","Snrpa"
"923","Focad","Tctn1","Hccs"
"924","Igip","Celf4","Zbtb7b"
"925","Mex3d","Sdc4","Hdac2"
"926","Usp27x","Gal","Tcf3"
"927","Armcx1","P2rx5","Rsl24d1"
"928","Gpx3","Mtx3","Dusp2"
"929","Gm20604","Serpinb5","Slc5a3"
"930","Hsd17b11","Prr22","Erap1"
"931","Coa4","Pipox","Arl4c"
"932","Cdkl5","Cfap45","Bach2"
"933","Gm527","Efnb1","Ppm1m"
"934","Whrn","Cacna1c","Ywhae"
"935","Mthfd2l","Nat8f4","BC147527"
"936","Angptl6","Dusp3","Slc50a1"
"937","Afp","Gm14139","Tent5c"
"938","Ephb2","Serpinf1","Spic"
"939","Dnah7a","Ppfibp1","Glrx3"
"940","Scamp4","Uggt2","Srpr"
"941","Hypk","Serf1","Ifi209"
"942","Srms","Zfp111","Stx5a"
"943","Ighj1","Nkain1","Fam53b"
"944","Rnd1","Nrg4","Dctn6"
"945","Ptpdc1","Zfp428","Psph"
"946","Slc25a10","Tusc1","Kpna3"
"947","Zdhhc23","Rab7b","Tbx21"
"948","Fut7","Ttk","Smim14"
"949","Dgkh","P3h1","Slc7a5"
"950","Itgax","Mreg","Stub1"
"951","Wfikkn2","H2bc22","Reep5"
"952","Tmem30b","Bik","Slc35a4"
"953","Zfp46","Mcoln3","Dtx3l"
"954","Zbtb32","Cdk14","Wdr4"
"955","Rubcn","Klf1","Epc1"
"956","Poc1a","Apol9b","Tmem185b"
"957","Notch4","Brwd3","Tnfaip8l2"
"958","Cd160","Mpzl1","Npm1"
"959","B630019K06Rik","Kcnh4","Mydgf"
"960","Cdc42ep4","3300002I08Rik","Stat4"
"961","Trpt1","Fam187b","Set"
"962","Aldh1a1","Cxxc5","Cdk6"
"963","Galc","Btc","Fbh1"
"964","Tubb2b","Slc39a8","Smox"
"965","Iqck","Btbd18","Cfap43"
"966","Cilp2","Proz","Sun2"
"967","Zfp788","Sh2b2","Tubb4b"
"968","Traj27","Gm49322","Tomm20"
"969","Zfand4","Hecw2","Prag1"
"970","Bcam","Rai14","Klhdc1"
"971","Lrfn1","Morn1","Ggt5"
"972","Trim30d","Stab1","Desi2"
"973","Arid3a","Gm14325","Ing1"
"974","G0s2","Flvcr2","Ccdc137"
"975","Nlrx1","Lrrk1","Card6"
"976","Gpr19","Prox2","Cebpg"
"977","Cd101","Scart1","Tgfbi"
"978","Zfp433",NA,"Gpd1l"
"979","Mterf2",NA,"Utp15"
"980","Kcnab3",NA,"Dcun1d5"
"981","Ccdc90b",NA,"Pgk1"
"982","Ccne1",NA,"Rps19bp1"
"983","Zfp595",NA,"Sla2"
"984","Nr6a1",NA,"BC003965"
"985","Tlr4",NA,"Fastkd3"
"986","Disc1",NA,"Ttc7"
"987","Gzmk",NA,"Utp18"
"988","E130311K13Rik",NA,"Cxcr5"
"989","Plac8",NA,"Nagpa"
"990","Igkv5-43",NA,"Ccs"
"991","N4bp3",NA,"Ddx41"
"992","Gemin4",NA,"Cks2"
"993","Igkv4-57",NA,"Fem1c"
"994","Zfp882",NA,"Tyk2"
"995","Srpk3",NA,"Nxt1"
"996","Snn",NA,"Gadd45g"
"997","Vps8",NA,"Psmb2"
"998","Kif3a",NA,"Rpf2"
"999","Grip2",NA,"AB124611"
"1000","Igkv17-127",NA,"Phb"
"1001","Xpnpep3",NA,"Tm2d3"
"1002","Tspan4",NA,"Mtrr"
"1003","Pip5kl1",NA,"Sphk1"
"1004","Fhip1a",NA,"Ppp3ca"
"1005","Tfb1m",NA,"Ssb"
"1006","E2f3",NA,"Eri1"
"1007","Traj50",NA,"Wbp4"
"1008","Pcdhgb4",NA,"Slc31a1"
"1009","Evi5",NA,"Plin3"
"1010","Wars2",NA,"Acvrl1"
"1011","Ttll11",NA,"Ifi203"
"1012","Pola1",NA,"Zfp386"
"1013","Gpr55",NA,"Dock2"
"1014","Ighv1-81",NA,"Selenoh"
"1015","Lrrc20",NA,"Maff"
"1016","Pygm",NA,"Slc41a1"
"1017","Chtf18",NA,"Bscl2"
"1018","D6Wsu163e",NA,"Sntb1"
"1019","Cep290",NA,"B4galt1"
"1020","Ccdc28b",NA,"Ltv1"
"1021","Spag1",NA,"Mtdh"
"1022","St14",NA,"Chst10"
"1023","H2ac8",NA,"Eif5b"
"1024","Xkr6",NA,"Ift80"
"1025","Klra7",NA,"Thap7"
"1026","Tns4",NA,"S100a13"
"1027","Gm14399",NA,"Tfdp1"
"1028","Rapsn",NA,"Ppp1r11"
"1029","Nanos1",NA,"Tomm5"
"1030","Fn3krp",NA,"Cyc1"
"1031","Prr5",NA,"Pals2"
"1032","Il15",NA,"Tufm"
"1033","Myo1h",NA,"Igf1"
"1034","Cryz",NA,"Ubox5"
"1035","Smtn",NA,"Wdr3"
"1036","Sv2a",NA,"Mrpl36"
"1037","1500009L16Rik",NA,"Riox1"
"1038","Slc9a7",NA,"Ly6c2"
"1039","Rassf7",NA,"Trim13"
"1040","Bmpr2",NA,"Srxn1"
"1041","Tstd3",NA,"Fosl1"
"1042","Hdac6",NA,"Camkk2"
"1043","Snx10",NA,"Tln1"
"1044","Lipo3",NA,"Nsfl1c"
"1045","Zfp568",NA,"Pop1"
"1046","Rap2a",NA,"Gfod1"
"1047","Sh3d19",NA,"Cox7a2l"
"1048","Traj17",NA,"Fam162a"
"1049","Gzmm",NA,"Rarg"
"1050","Cd63",NA,"Mospd3"
"1051","Xkr8",NA,"Prxl2c"
"1052","Them6",NA,"Abr"
"1053","Cyp4f16",NA,"Hook2"
"1054","Alkbh2",NA,"Slc25a35"
"1055","Ces2c",NA,"Hmg20a"
"1056","Tedc1",NA,"Bid"
"1057","Irgq",NA,"Lrrc75b"
"1058","Slc4a1",NA,"Lbp"
"1059","Tarsl2",NA,"Kcnj16"
"1060","Ptgs2",NA,"Lyar"
"1061","Erbb3",NA,"Ndufa12"
"1062","Tcf7l1",NA,"Mrps7"
"1063","Ccdc18",NA,"Cirbp"
"1064","Tmed8",NA,"Ass1"
"1065","Zfp821",NA,"Surf1"
"1066","Map3k15",NA,"Pink1"
"1067","Slc17a5",NA,"Bcat1"
"1068","Mtrf1",NA,"Lst1"
"1069","Pcyox1l",NA,"Tmem154"
"1070","Tspoap1",NA,"Iqcn"
"1071","Nudt7",NA,"Sbk1"
"1072","B9d1",NA,"Clic4"
"1073","Lysmd4",NA,"Armc3"
"1074","Tmem63b",NA,"Nfatc1"
"1075","Akap7",NA,"Bsg"
"1076","Rdh10",NA,"Acaa1a"
"1077","Purg",NA,"Utp20"
"1078","Pomgnt2",NA,"Nat10"
"1079","Kank3",NA,"Papss1"
"1080","Adcy9",NA,"Eef1e1"
"1081","Mfsd13a",NA,"Mphosph10"
"1082","Sema4c",NA,"Ero1a"
"1083","Rhod",NA,"Atp1a1"
"1084","Mapk12",NA,"Emc6"
"1085","Igsf9",NA,"Mapk14"
"1086","Abcb10",NA,"Gpx4"
"1087","Trav21-dv12",NA,"Plcb2"
"1088","Lrr1",NA,"Ampd3"
"1089","Pole",NA,"Taf10"
"1090","Serpinb9b",NA,"Gpr146"
"1091","Slc7a8",NA,"Mtap"
"1092","Il12rb2",NA,"Cnr2"
"1093","Gpr15",NA,"Auh"
"1094","Gng4",NA,"Cby1"
"1095","Kif3c",NA,"Grn"
"1096","Ehbp1",NA,"Galnt6"
"1097","Styx",NA,"Uvrag"
"1098","Nenf",NA,"Smpd1"
"1099","Kbtbd6",NA,"Tmem50a"
"1100","Lrrc8b",NA,"Kdelr2"
"1101","Cx3cr1",NA,"Psmb5"
"1102","Recql4",NA,"Exosc2"
"1103","Paox",NA,"Tmie"
"1104","Aqp9",NA,"Cnst"
"1105","Spock2",NA,"Slc39a6"
"1106","Efcab11",NA,"Elovl5"
"1107","Gypa",NA,"Eif2b3"
"1108","Ckap4",NA,"Apol7e"
"1109","Trim3",NA,"Mapre2"
"1110","Paqr4",NA,"Eif1ax"
"1111","Kantr",NA,"Mif"
"1112","Btk",NA,"Phyh"
"1113","Sec14l2",NA,"Foxn3"
"1114","Lxn",NA,"Mast3"
"1115","Dock3",NA,"Phf10"
"1116","Rasa4",NA,"Sh2b3"
"1117","Fbxo10",NA,"Eif2s2"
"1118","Rad54b",NA,"Pced1b"
"1119","Tmtc4",NA,"Srpk2"
"1120","Xrcc2",NA,"Polr1b"
"1121","Dnajc12",NA,"Zap70"
"1122","Klra9",NA,"Slc26a11"
"1123","Eng",NA,"Kif1b"
"1124","Rab33a",NA,"Trmt61a"
"1125","Spx",NA,"Lamtor2"
"1126","Adam8",NA,"Erh"
"1127","Efr3b",NA,"Sesn3"
"1128","Ect2l",NA,"Mrpl20"
"1129","Gzmc",NA,"Ahi1"
"1130","Nmral1",NA,"Tsr3"
"1131","Zfp551",NA,"Wbp1"
"1132","Asap2",NA,"Amigo2"
"1133","Pfn2",NA,"Armc7"
"1134","Neurl1b",NA,"Parp3"
"1135","Vill",NA,"Apoe"
"1136","Raph1",NA,"Prep"
"1137","Hap1",NA,"Apbb1ip"
"1138","Catsper2",NA,"Mtrex"
"1139","Tpx2",NA,"Abca2"
"1140","Vps25",NA,"Map3k3"
"1141","Ccr2",NA,"Heatr3"
"1142","Rwdd2a",NA,"Neil1"
"1143","Crat",NA,"Cdkn1a"
"1144","Stag3",NA,"Hexb"
"1145","Mki67",NA,"Faap100"
"1146","Mpp2",NA,"Pcf11"
"1147","Cenpp",NA,"Hacd3"
"1148","Il20rb",NA,"Sidt1"
"1149","Muc5b",NA,"Aasdhppt"
"1150","Mical2",NA,"Ube2g2"
"1151","Zfp28",NA,"Nfkb2"
"1152","Plod2",NA,"Tle4"
"1153","Dok4",NA,"Lzic"
"1154","Fam89a",NA,"Nlrc3"
"1155","Ninj2",NA,"Mindy2"
"1156","Pfkfb1",NA,"Hdac10"
"1157","Magi3",NA,"Cox19"
"1158","Reep2",NA,"Plagl2"
"1159","Zfp97",NA,"Bbc3"
"1160","Cd80",NA,"Ifi208"
"1161","Dennd2c",NA,"Map1lc3a"
"1162","Wdr38",NA,"Znhit6"
"1163","Nphp1",NA,"Naa20"
"1164","S100a4",NA,"Psmg3"
"1165","Fcgr2b",NA,"Sfxn1"
"1166","Zranb3",NA,"Plk2"
"1167","S100a9",NA,"Abtb1"
"1168","Gm8797",NA,"Fcna"
"1169","Amz1",NA,"Padi2"
"1170","Ccdc181",NA,"Srsf9"
"1171","Ihh",NA,"St13"
"1172","Efnb2",NA,"Xpo1"
"1173","Ggcx",NA,"Pole3"
"1174","Klra3",NA,"Tbxa2r"
"1175","Zfp458",NA,"Arhgap31"
"1176","Pfkfb2",NA,"Patj"
"1177","Lmbrd2",NA,"Rnmt"
"1178","5430403G16Rik",NA,"1600012H06Rik"
"1179","Marchf1",NA,"Rgs16"
"1180","Igkv12-46",NA,"Sigmar1"
"1181","Gprasp2",NA,"Pno1"
"1182","Cd86",NA,"Rasal3"
"1183","Lilrb4a",NA,"Rcbtb1"
"1184","Tpmt",NA,"Rps27l"
"1185","Ptges",NA,"Smyd2"
"1186","Cmya5",NA,"Mepce"
"1187","Zfp316",NA,"Haus4"
"1188","F2rl3",NA,"Ypel5"
"1189","Hpse",NA,"Agfg2"
"1190","Nek2",NA,"Sec22c"
"1191","Hexdc",NA,"Shq1"
"1192","Gm10130",NA,"Mob3a"
"1193","Traj11",NA,"Ly6e"
"1194","Apol7c",NA,"Seh1l"
"1195","Spaca6",NA,"Gmfb"
"1196","Cenpu",NA,"Tmem167"
"1197","Serinc5",NA,"Esyt2"
"1198","Cdca5",NA,"Ulk2"
"1199","Mxd3",NA,"Trat1"
"1200","Zbtb3",NA,"Nfatc3"
"1201","Olfm1",NA,"Ttyh3"
"1202","Dock6",NA,"Phf21a"
"1203","Lpl",NA,"Ctse"
"1204","Zfp324",NA,"C1qa"
"1205","Ptgr1",NA,"Parp10"
"1206","Adad1",NA,"Numa1"
"1207","Gk5",NA,"Ear2"
"1208","Anxa9",NA,"Zbtb38"
"1209","Fcrl5",NA,"Dgkz"
"1210","Magee2",NA,"Ahcyl1"
"1211","Cxcl9",NA,"Art2b"
"1212","Id1",NA,"Impdh2"
"1213","Sgsm2",NA,"Naxe"
"1214","Stard6",NA,"Timm17a"
"1215","Rasd1",NA,"Pglyrp2"
"1216","Pfkfb4",NA,"Slc35d2"
"1217","Pde4c",NA,"Ddb2"
"1218","Paqr3",NA,"Ttll1"
"1219","Efcab8",NA,"Pomp"
"1220","Dsel",NA,"Mrpl15"
"1221","C2cd4b",NA,"Ppp1r7"
"1222","Gm12258",NA,"Crebrf"
"1223","Nsl1",NA,"Fam207a"
"1224","Cyb5d2",NA,"Lsm1"
"1225","Niban3",NA,"Bcl9l"
"1226","Wdr62",NA,"Mgat5"
"1227","Lrrc73",NA,"Gfus"
"1228","Acacb",NA,"Trp53i11"
"1229","Nim1k",NA,"Izumo4"
"1230","Guca1a",NA,"Ccdc86"
"1231","4930550C14Rik",NA,"Cstf1"
"1232","Noxa1",NA,"Carmil2"
"1233","Nol4l",NA,"Glrx5"
"1234","Sfxn4",NA,"Lpcat3"
"1235","Apold1",NA,"Gtpbp2"
"1236","Spry4",NA,"Gramd1b"
"1237","Nhsl2",NA,"Mboat1"
"1238","Msh5",NA,"Hid1"
"1239","Gp5",NA,"1810055G02Rik"
"1240","Nfya",NA,"Tspan3"
"1241","Lrrc66",NA,"Serpine2"
"1242","Wdfy2",NA,"Egln1"
"1243","Lima1",NA,"Matk"
"1244","Tmem67",NA,"Snap47"
"1245","Fam131a",NA,"Ankrd13d"
"1246","Cenpf",NA,"Rnf103"
"1247","Epas1",NA,"Tardbp"
"1248","Plek2",NA,"Thap3"
"1249","Ghdc",NA,"Gnal"
"1250","Ro60",NA,"Rigi"
"1251","Tmem121b",NA,"Prkacb"
"1252","Nphp4",NA,"Kpna6"
"1253","Skp2",NA,"Wdr18"
"1254","Fkbp7",NA,"Tbc1d17"
"1255","Traj52",NA,"Klhl5"
"1256","Eepd1",NA,"Mertk"
"1257","Tex14",NA,"Thop1"
"1258","Mast1",NA,"Klf11"
"1259","Traj23",NA,"Hspa14"
"1260","Lamc1",NA,"Tacc1"
"1261","Zfp442",NA,"Mxd4"
"1262","Hsd17b14",NA,"Qtrt1"
"1263","Actg2",NA,"Ing2"
"1264","Ly6g6g",NA,"Srprb"
"1265","Knl1",NA,"Dnajc2"
"1266","Sp9",NA,"Lyst"
"1267","Gm21992",NA,"Cluh"
"1268","Spred3",NA,"Slc25a20"
"1269","Dynlt1b",NA,"Bicra"
"1270","Zfp953",NA,"Ndufaf4"
"1271","Pou2af3",NA,"Wdr73"
"1272","Myl6b",NA,"Bambi"
"1273","Kif11",NA,"9930111J21Rik2"
"1274","Abca5",NA,"Rcbtb2"
"1275","Fut4",NA,"Hax1"
"1276","Ear1",NA,"Cep164"
"1277","Drc3",NA,"Adgre1"
"1278","Klhl35",NA,"Trappc9"
"1279","Klhl3",NA,"Dctpp1"
"1280","Traj9",NA,"Tnfrsf18"
"1281","Fcgr3",NA,"Trp53i13"
"1282","Ropn1l",NA,"Zfp362"
"1283","Tom1l1",NA,"Card19"
"1284","Mdk",NA,"Galnt12"
"1285","Hpn",NA,"Gde1"
"1286","Fam110c",NA,"Mrps18a"
"1287","Acsbg3",NA,"Tlk1"
"1288","Ighd",NA,"C1qb"
"1289","Ripor3",NA,"Aig1"
"1290","Bcar3",NA,"Slc40a1"
"1291","Rab13",NA,"Cstf2"
"1292","Prss16",NA,"Pstk"
"1293","Sugct",NA,"Dcaf13"
"1294","Zfta",NA,"D11Wsu47e"
"1295","Bnip5",NA,"Acss1"
"1296","Nat8f1",NA,"Trim14"
"1297","Dnase1l2",NA,"Aak1"
"1298","Neil2",NA,"Crls1"
"1299","Fbxo27",NA,"Tmem11"
"1300","Phlda1",NA,"Hdac5"
"1301","Ankrd24",NA,"Tmem63a"
"1302","Fuom",NA,"Mafk"
"1303","Zfat",NA,"Fam185a"
"1304","Ptgir",NA,"Ndufab1"
"1305","Cd8a",NA,"Prmt7"
"1306","Gm8909",NA,"Sec13"
"1307","Gnb5",NA,"Nudcd1"
"1308","Madcam1",NA,"Nelfe"
"1309","Fam114a1",NA,"Nol12"
"1310","Col9a3",NA,"Dhx33"
"1311","Vwa1",NA,"Snrpd2"
"1312","Ighv1-64",NA,"Ccdc69"
"1313","Ighv1-55",NA,"Cd7"
"1314","Zfp14",NA,"Fam98a"
"1315","Spi1",NA,"Zscan10"
"1316","4930563E22Rik",NA,"Gab3"
"1317","Epor",NA,"Supt20"
"1318","Bcas1",NA,"Rbl2"
"1319","Emp2",NA,"Abcd1"
"1320","Ccdc17",NA,"Pck2"
"1321","Ccdc40",NA,"Ttll4"
"1322","6330403K07Rik",NA,"Pgd"
"1323","Vpreb1",NA,"Rdh11"
"1324","Slc10a1",NA,"Fasl"
"1325","Wdfy3",NA,"Slc39a14"
"1326","Oit3",NA,"Cd209a"
"1327","Fut10",NA,"E2f6"
"1328",NA,NA,"Esf1"
"1329",NA,NA,"Alg11"
"1330",NA,NA,"1700017B05Rik"
"1331",NA,NA,"Csnk2b"
"1332",NA,NA,"Bbs9"
"1333",NA,NA,"Fam111a"
"1334",NA,NA,"Rhobtb2"
"1335",NA,NA,"Hyal2"
"1336",NA,NA,"Rnf25"
"1337",NA,NA,"Ttc3"
"1338",NA,NA,"Rbmxl1"
"1339",NA,NA,"Cd1d1"
"1340",NA,NA,"Ssh1"
"1341",NA,NA,"Stmn1"
"1342",NA,NA,"Chd2"
"1343",NA,NA,"Chil5"
"1344",NA,NA,"2310061I04Rik"
"1345",NA,NA,"Nfkbib"
"1346",NA,NA,"Hectd2"
"1347",NA,NA,"Nudt4"
"1348",NA,NA,"Spata13"
"1349",NA,NA,"Myo18a"
"1350",NA,NA,"Tigd5"
"1351",NA,NA,"Usp18"
"1352",NA,NA,"Hmgn2"
"1353",NA,NA,"Sc5d"
"1354",NA,NA,"Hdac7"
"1355",NA,NA,"Pebp1"
"1356",NA,NA,"Stk11ip"
"1357",NA,NA,"Trbv13-2"
"1358",NA,NA,"Utp14a"
"1359",NA,NA,"Noa1"
"1360",NA,NA,"Eef1d"
"1361",NA,NA,"Rnf126"
"1362",NA,NA,"Zmym2"
"1363",NA,NA,"Gpn3"
"1364",NA,NA,"Dnajb11"
"1365",NA,NA,"Pigm"
"1366",NA,NA,"Smn1"
"1367",NA,NA,"Gpat4"
"1368",NA,NA,"Snrpd1"
"1369",NA,NA,"Mrpl12"
"1370",NA,NA,"Bud23"
"1371",NA,NA,"Nudt14"
"1372",NA,NA,"Denr"
"1373",NA,NA,"Slc25a33"
"1374",NA,NA,"Gpr83"
"1375",NA,NA,"Pgap6"
"1376",NA,NA,"Zc3h15"
"1377",NA,NA,"Mrpl16"
"1378",NA,NA,"Acoxl"
"1379",NA,NA,"Ripk3"
"1380",NA,NA,"Ncoa5"
"1381",NA,NA,"Fbxo32"
"1382",NA,NA,"Fcgr1"
"1383",NA,NA,"Sod2"
"1384",NA,NA,"Uba7"
"1385",NA,NA,"Psmd13"
"1386",NA,NA,"Trpv2"
"1387",NA,NA,"Srek1"
"1388",NA,NA,"Zfp212"
"1389",NA,NA,"Etv6"
"1390",NA,NA,"Smad7"
"1391",NA,NA,"Noct"
"1392",NA,NA,"Pkn1"
"1393",NA,NA,"Rrp7a"
"1394",NA,NA,"Uck2"
"1395",NA,NA,"Oser1"
"1396",NA,NA,"Runx3"
"1397",NA,NA,"Rpp38"
"1398",NA,NA,"Nedd4l"
"1399",NA,NA,"Plekhn1"
"1400",NA,NA,"Usp31"
"1401",NA,NA,"Sgsh"
"1402",NA,NA,"Slc16a5"
"1403",NA,NA,"Mtss1"
"1404",NA,NA,"Oard1"
"1405",NA,NA,"Xpo5"
"1406",NA,NA,"Unc93b1"
"1407",NA,NA,"Arl1"
"1408",NA,NA,"Insig2"
"1409",NA,NA,"Supt4a"
"1410",NA,NA,"Parp6"
"1411",NA,NA,"Zfp131"
"1412",NA,NA,"Abcc5"
"1413",NA,NA,"Adarb1"
"1414",NA,NA,"Hmgcr"
"1415",NA,NA,"Gtf2f2"
"1416",NA,NA,"Atg101"
"1417",NA,NA,"Eif4g1"
"1418",NA,NA,"Brix1"
"1419",NA,NA,"Tnpo1"
"1420",NA,NA,"Senp7"
"1421",NA,NA,"Med29"
"1422",NA,NA,"Bcl11b"
"1423",NA,NA,"Zfp831"
"1424",NA,NA,"Eif4ebp2"
"1425",NA,NA,"Mfge8"
"1426",NA,NA,"Xylt2"
"1427",NA,NA,"Elf4"
"1428",NA,NA,"Tmc6"
"1429",NA,NA,"Fam133b"
"1430",NA,NA,"Rbm28"
"1431",NA,NA,"Cycs"
"1432",NA,NA,"Rdm1"
"1433",NA,NA,"Emc9"
"1434",NA,NA,"Rab3d"
"1435",NA,NA,"Slfn4"
"1436",NA,NA,"Rabgap1l"
"1437",NA,NA,"Scaper"
"1438",NA,NA,"Arhgap30"
"1439",NA,NA,"Alcam"
"1440",NA,NA,"Pnpo"
"1441",NA,NA,"Nsd1"
"1442",NA,NA,"Triobp"
"1443",NA,NA,"Qsox1"
"1444",NA,NA,"Ralgps2"
"1445",NA,NA,"Gramd4"
"1446",NA,NA,"Cadm1"
"1447",NA,NA,"Fam3a"
"1448",NA,NA,"Capn1"
"1449",NA,NA,"Rassf3"
"1450",NA,NA,"Hsdl1"
"1451",NA,NA,"Rrp8"
"1452",NA,NA,"Ppp1r13b"
"1453",NA,NA,"Crot"
"1454",NA,NA,"Smc6"
"1455",NA,NA,"Rmnd1"
"1456",NA,NA,"Chst12"
"1457",NA,NA,"Heatr1"
"1458",NA,NA,"Slc25a32"
"1459",NA,NA,"Lypd6b"
"1460",NA,NA,"Slc10a3"
"1461",NA,NA,"Supt16"
"1462",NA,NA,"Tgtp2"
"1463",NA,NA,"Abcc3"
"1464",NA,NA,"Heca"
"1465",NA,NA,"Abcg1"
"1466",NA,NA,"Timm23"
"1467",NA,NA,"Faap20"
"1468",NA,NA,"Gadd45b"
"1469",NA,NA,"Dym"
"1470",NA,NA,"Litaf"
"1471",NA,NA,"Ankrd49"
"1472",NA,NA,"Tsen54"
"1473",NA,NA,"Slc9a9"
"1474",NA,NA,"Syf2"
"1475",NA,NA,"Usp2"
"1476",NA,NA,"Slc7a11"
"1477",NA,NA,"Pxylp1"
"1478",NA,NA,"Hexim1"
"1479",NA,NA,"Vcam1"
"1480",NA,NA,"Rp9"
"1481",NA,NA,"St8sia4"
"1482",NA,NA,"Gabpb1"
"1483",NA,NA,"Pkd1"
"1484",NA,NA,"Sptlc1"
"1485",NA,NA,"Rab3il1"
"1486",NA,NA,"Samd9l"
"1487",NA,NA,"Rgmb"
"1488",NA,NA,"Rnf144a"
"1489",NA,NA,"Arid1b"
"1490",NA,NA,"Tdg"
"1491",NA,NA,"Slc25a25"
"1492",NA,NA,"Orc5"
"1493",NA,NA,"Dalrd3"
"1494",NA,NA,"Habp4"
"1495",NA,NA,"Vamp5"
"1496",NA,NA,"Khk"
"1497",NA,NA,"Pik3r2"
"1498",NA,NA,"Ttc38"
"1499",NA,NA,"Nadk"
"1500",NA,NA,"Ehmt2"
"1501",NA,NA,"Bcap29"
"1502",NA,NA,"Tbx6"
"1503",NA,NA,"Mtmr4"
"1504",NA,NA,"Cd72"
"1505",NA,NA,"Nup43"
"1506",NA,NA,"Prmt6"
"1507",NA,NA,"2810004N23Rik"
"1508",NA,NA,"Cbr1"
"1509",NA,NA,"Mideas"
"1510",NA,NA,"Acot13"
"1511",NA,NA,"Sbno2"
"1512",NA,NA,"Fam98c"
"1513",NA,NA,"Poldip2"
"1514",NA,NA,"Ap3m2"
"1515",NA,NA,"Rnf11"
"1516",NA,NA,"Zfyve28"
"1517",NA,NA,"Naga"
"1518",NA,NA,"Slc30a4"
"1519",NA,NA,"Brd3"
"1520",NA,NA,"Wdr13"
"1521",NA,NA,"Bola2"
"1522",NA,NA,"Bcas3"
"1523",NA,NA,"Gabrr2"
"1524",NA,NA,"Btaf1"
"1525",NA,NA,"Adrb2"
"1526",NA,NA,"Anp32a"
"1527",NA,NA,"Plscr1"
"1528",NA,NA,"Tmem33"
"1529",NA,NA,"Tk2"
"1530",NA,NA,"Iqgap2"
"1531",NA,NA,"Eya2"
"1532",NA,NA,"Ywhag"
"1533",NA,NA,"Itgb3"
"1534",NA,NA,"Abcb9"
"1535",NA,NA,"Zmiz1"
"1536",NA,NA,"Atp8a1"
"1537",NA,NA,"Abhd17c"
"1538",NA,NA,"Pex11g"
"1539",NA,NA,"Paqr7"
"1540",NA,NA,"Timm13"
"1541",NA,NA,"Syne2"
"1542",NA,NA,"Ddr1"
"1543",NA,NA,"Cdkn2aip"
"1544",NA,NA,"Pelp1"
"1545",NA,NA,"Trbv3"
"1546",NA,NA,"Psmb7"
"1547",NA,NA,"Smarcc1"
"1548",NA,NA,"Pus1"
"1549",NA,NA,"Sgk3"
"1550",NA,NA,"Pcsk4"
"1551",NA,NA,"Gcdh"
"1552",NA,NA,"Snrk"
"1553",NA,NA,"Cic"
"1554",NA,NA,"Dhcr7"
"1555",NA,NA,"Ppm1j"
"1556",NA,NA,"Aprt"
"1557",NA,NA,"Mthfd1l"
"1558",NA,NA,"Sh2d5"
"1559",NA,NA,"Ccdc127"
"1560",NA,NA,"Dnm2"
"1561",NA,NA,"Gng2"
"1562",NA,NA,"Zfp467"
"1563",NA,NA,"Apex1"
"1564",NA,NA,"Tlr1"
"1565",NA,NA,"Pdap1"
"1566",NA,NA,"Hk2"
"1567",NA,NA,"AI854703"
"1568",NA,NA,"Zfp287"
"1569",NA,NA,"Eif3j1"
"1570",NA,NA,"Sh3rf1"
"1571",NA,NA,"Evi2a"
"1572",NA,NA,"Ecm1"
"1573",NA,NA,"Cxcr3"
"1574",NA,NA,"Ptgs1"
"1575",NA,NA,"Ydjc"
"1576",NA,NA,"Dennd1a"
"1577",NA,NA,"Slc39a4"
"1578",NA,NA,"Tmed5"
"1579",NA,NA,"1700056E22Rik"
"1580",NA,NA,"Rragd"
"1581",NA,NA,"Tmem191"
"1582",NA,NA,"Herc3"
"1583",NA,NA,"Prpf19"
"1584",NA,NA,"Fgf13"
"1585",NA,NA,"Acox1"
"1586",NA,NA,"Emc4"
"1587",NA,NA,"Uba6"
"1588",NA,NA,"Ifit2"
"1589",NA,NA,"Cep97"
"1590",NA,NA,"AU022252"
"1591",NA,NA,"Nap1l1"
"1592",NA,NA,"Prelid3b"
"1593",NA,NA,"Mrc1"
"1594",NA,NA,"Nfyb"
"1595",NA,NA,"Tnik"
"1596",NA,NA,"Trim21"
"1597",NA,NA,"Prrt1"
"1598",NA,NA,"St6gal1"
"1599",NA,NA,"Zfp397"
"1600",NA,NA,"Mrps10"
"1601",NA,NA,"Pdcd1lg2"
"1602",NA,NA,"C1qc"
"1603",NA,NA,"Trbv16"
"1604",NA,NA,"Cfdp1"
"1605",NA,NA,"Tlcd1"
"1606",NA,NA,"Rtn4rl1"
"1607",NA,NA,"Rnf32"
"1608",NA,NA,"Gimap7"
"1609",NA,NA,"Klc3"
"1610",NA,NA,"Slc5a6"
"1611",NA,NA,"Ctla2a"
"1612",NA,NA,"Lrrc23"
"1613",NA,NA,"Pde4d"
"1614",NA,NA,"Mapk3"
"1615",NA,NA,"Nrm"
"1616",NA,NA,"Trps1"
"1617",NA,NA,"Rnaset2b"
"1618",NA,NA,"Cyria"
"1619",NA,NA,"Pygb"
"1620",NA,NA,"Zer1"
"1621",NA,NA,"Ankrd28"
"1622",NA,NA,"P4htm"
"1623",NA,NA,"Trmt6"
"1624",NA,NA,"Dzip1"
"1625",NA,NA,"Camk2b"
"1626",NA,NA,"L1cam"
"1627",NA,NA,"Derl2"
"1628",NA,NA,"Crtc3"
"1629",NA,NA,"Ift140"
"1630",NA,NA,"Macrod1"
"1631",NA,NA,"Nbeal2"
"1632",NA,NA,"Kiz"
"1633",NA,NA,"Pogk"
"1634",NA,NA,"H1f0"
"1635",NA,NA,"Rorc"
"1636",NA,NA,"Txnrd3"
"1637",NA,NA,"Stab2"
"1638",NA,NA,"Kcnh3"
"1639",NA,NA,"Brk1"
"1640",NA,NA,"Appl2"
"1641",NA,NA,"Cd274"
"1642",NA,NA,"Glipr1"
"1643",NA,NA,"Bcl2a1d"
"1644",NA,NA,"Acyp1"
"1645",NA,NA,"Txndc9"
"1646",NA,NA,"Plekhg2"
"1647",NA,NA,"Atosa"
"1648",NA,NA,"Mrpl3"
"1649",NA,NA,"Timp1"
"1650",NA,NA,"Rhob"
"1651",NA,NA,"Adh1"
"1652",NA,NA,"Vps41"
"1653",NA,NA,"Saysd1"
"1654",NA,NA,"Dtwd1"
"1655",NA,NA,"Bicral"
"1656",NA,NA,"Ahnak"
"1657",NA,NA,"Gmip"
"1658",NA,NA,"Nt5dc1"
"1659",NA,NA,"Slc14a1"
"1660",NA,NA,"Ddx55"
"1661",NA,NA,"Zfp748"
"1662",NA,NA,"Elp1"
"1663",NA,NA,"Tor3a"
"1664",NA,NA,"Samd4"
"1665",NA,NA,"Decr2"
"1666",NA,NA,"Tet3"
"1667",NA,NA,"Bccip"
"1668",NA,NA,"Fosb"
"1669",NA,NA,"Txn1"
"1670",NA,NA,"Arl5a"
"1671",NA,NA,"St8sia1"
"1672",NA,NA,"Pcbd2"
"1673",NA,NA,"Swap70"
"1674",NA,NA,"Ptrh2"
"1675",NA,NA,"Hint2"
"1676",NA,NA,"Rwdd4a"
"1677",NA,NA,"Rab19"
"1678",NA,NA,"Cd22"
"1679",NA,NA,"Ntrk3"
"1680",NA,NA,"Tnk2"
"1681",NA,NA,"Pip5k1c"
"1682",NA,NA,"Tma16"
"1683",NA,NA,"Ppip5k2"
"1684",NA,NA,"Eml2"
"1685",NA,NA,"Nutf2"
"1686",NA,NA,"Aar2"
"1687",NA,NA,"Sytl1"
"1688",NA,NA,"Dis3l"
"1689",NA,NA,"Racgap1"
"1690",NA,NA,"Cacnb1"
"1691",NA,NA,"Narf"
"1692",NA,NA,"Snx14"
"1693",NA,NA,"Trmt2b"
"1694",NA,NA,"Dse"
"1695",NA,NA,"Pilra"
"1696",NA,NA,"Cbx7"
"1697",NA,NA,"Lrig1"
"1698",NA,NA,"Mrpl47"
"1699",NA,NA,"Hadh"
"1700",NA,NA,"Ugdh"
"1701",NA,NA,"Tbc1d30"
"1702",NA,NA,"Elf2"
"1703",NA,NA,"Pkmyt1"
"1704",NA,NA,"Utp11"
"1705",NA,NA,"Ndrg2"
"1706",NA,NA,"Crmp1"
"1707",NA,NA,"Fastkd5"
"1708",NA,NA,"9930012K11Rik"
"1709",NA,NA,"Gm49336"
"1710",NA,NA,"Traf3ip2"
"1711",NA,NA,"Atp5md"
"1712",NA,NA,"9930111J21Rik1"
"1713",NA,NA,"Calcoco1"
"1714",NA,NA,"Nab2"
"1715",NA,NA,"Cmss1"
"1716",NA,NA,"Atp2a2"
"1717",NA,NA,"Sirpa"
"1718",NA,NA,"Selenoi"
"1719",NA,NA,"Sesn2"
"1720",NA,NA,"Sipa1l1"
"1721",NA,NA,"Parn"
"1722",NA,NA,"Cyp27a1"
"1723",NA,NA,"Txnl1"
"1724",NA,NA,"Herc2"
"1725",NA,NA,"Vps13b"
"1726",NA,NA,"Cdyl"
"1727",NA,NA,"Zfp54"
"1728",NA,NA,"Mindy1"
"1729",NA,NA,"Suco"
"1730",NA,NA,"Slc35f2"
"1731",NA,NA,"Prkcz"
"1732",NA,NA,"Mrpl19"
"1733",NA,NA,"Cdin1"
"1734",NA,NA,"Rabggtb"
"1735",NA,NA,"Atxn7l1"
"1736",NA,NA,"Npm3"
"1737",NA,NA,"Slc25a23"
"1738",NA,NA,"Foxj2"
"1739",NA,NA,"Mgst3"
"1740",NA,NA,"Oma1"
"1741",NA,NA,"D3Ertd751e"
"1742",NA,NA,"Pqlc3"
"1743",NA,NA,"U2af1"
"1744",NA,NA,"Letm2"
"1745",NA,NA,"Tnrc6b"
"1746",NA,NA,"Ubtd2"
"1747",NA,NA,"Adamdec1"
"1748",NA,NA,"Mrps22"
"1749",NA,NA,"Jmjd4"
"1750",NA,NA,"Mak16"
"1751",NA,NA,"Fam234a"
"1752",NA,NA,"Rbm43"
"1753",NA,NA,"Elof1"
"1754",NA,NA,"Smim19"
"1755",NA,NA,"Pcca"
"1756",NA,NA,"Acot11"
"1757",NA,NA,"Aamdc"
"1758",NA,NA,"Champ1"
"1759",NA,NA,"Cdon"
"1760",NA,NA,"Cops7b"
"1761",NA,NA,"1700025G04Rik"
"1762",NA,NA,"Rnf38"
"1763",NA,NA,"Cacna2d4"
"1764",NA,NA,"Fbrsl1"
"1765",NA,NA,"Prkdc"
"1766",NA,NA,"Nup155"
"1767",NA,NA,"Smad3"
"1768",NA,NA,"Cyth3"
"1769",NA,NA,"Mib2"
"1770",NA,NA,"1810062G17Rik"
"1771",NA,NA,"Scap"
"1772",NA,NA,"Lmna"
"1773",NA,NA,"Nacc2"
"1774",NA,NA,"Gtf3c4"
"1775",NA,NA,"Slamf7"
"1776",NA,NA,"Leprot"
"1777",NA,NA,"Vegfa"
"1778",NA,NA,"Prkrip1"
"1779",NA,NA,"Atp5mpl"
"1780",NA,NA,"Exosc4"
"1781",NA,NA,"A630001G21Rik"
"1782",NA,NA,"Ifit1bl1"
"1783",NA,NA,"Cd320"
"1784",NA,NA,"Pip4p2"
"1785",NA,NA,"Akr1c18"
"1786",NA,NA,"Ripk2"
"1787",NA,NA,"St7l"
"1788",NA,NA,"Lonrf1"
"1789",NA,NA,"Sh2b1"
"1790",NA,NA,"Fbxw11"
"1791",NA,NA,"Qtrt2"
"1792",NA,NA,"Rab33b"
"1793",NA,NA,"Sult2b1"
"1794",NA,NA,"Hvcn1"
"1795",NA,NA,"Aldh2"
"1796",NA,NA,"Pdss1"
"1797",NA,NA,"H2bc27"
"1798",NA,NA,"Tceal9"
"1799",NA,NA,"Rnf43"
"1800",NA,NA,"Creld1"
"1801",NA,NA,"Klhl36"
"1802",NA,NA,"Gfra2"
"1803",NA,NA,"Trbv31"
"1804",NA,NA,"Pts"
"1805",NA,NA,"Tet1"
"1806",NA,NA,"Atp5g1"
"1807",NA,NA,"Usp28"
"1808",NA,NA,"Dglucy"
"1809",NA,NA,"Mrpl51"
"1810",NA,NA,"Slc1a4"
"1811",NA,NA,"Clec4a3"
"1812",NA,NA,"Rgs11"
"1813",NA,NA,"Smyd3"
"1814",NA,NA,"Csf1r"
"1815",NA,NA,"Mrps18b"
"1816",NA,NA,"Gpr89"
"1817",NA,NA,"Myadm"
"1818",NA,NA,"Ccdc61"
"1819",NA,NA,"Rbm45"
"1820",NA,NA,"Wls"
"1821",NA,NA,"Phf14"
"1822",NA,NA,"Grhpr"
"1823",NA,NA,"Polr3d"
"1824",NA,NA,"Pinx1"
"1825",NA,NA,"Polg2"
"1826",NA,NA,"Prickle3"
"1827",NA,NA,"Mapkapk2"
"1828",NA,NA,"Clybl"
"1829",NA,NA,"Pmpcb"
"1830",NA,NA,"Cetn4"
"1831",NA,NA,"Fasn"
"1832",NA,NA,"Gpnmb"
"1833",NA,NA,"Pcnt"
"1834",NA,NA,"Eef1akmt4"
"1835",NA,NA,"Cyb561a3"
"1836",NA,NA,"Tnfaip8l1"
"1837",NA,NA,"2310057M21Rik"
"1838",NA,NA,"Arrdc3"
"1839",NA,NA,"Pira2"
"1840",NA,NA,"Mrps17"
"1841",NA,NA,"Snrpa1"
"1842",NA,NA,"Trerf1"
"1843",NA,NA,"Phf11a"
"1844",NA,NA,"Celsr1"
"1845",NA,NA,"Pcmtd1"
"1846",NA,NA,"Tmem268"
"1847",NA,NA,"Traf3"
"1848",NA,NA,"Trmt12"
"1849",NA,NA,"Trp53inp2"
"1850",NA,NA,"Sorcs2"
"1851",NA,NA,"Patz1"
"1852",NA,NA,"Tmem26"
"1853",NA,NA,"Ethe1"
"1854",NA,NA,"Itpr3"
"1855",NA,NA,"Lsm12"
"1856",NA,NA,"Hltf"
"1857",NA,NA,"Parp16"
"1858",NA,NA,"Slc35a1"
"1859",NA,NA,"Gpatch4"
"1860",NA,NA,"Slc52a2"
"1861",NA,NA,"Slc6a9"
"1862",NA,NA,"Lif"
"1863",NA,NA,"Ccdc92"
"1864",NA,NA,"Mrpl28"
"1865",NA,NA,"Pou2af1"
"1866",NA,NA,"Pgrmc2"
"1867",NA,NA,"Unc5a"
"1868",NA,NA,"Mmp13"
"1869",NA,NA,"Kbtbd11"
"1870",NA,NA,"Tbl1xr1"
"1871",NA,NA,"Pid1"
"1872",NA,NA,"Emc8"
"1873",NA,NA,"Kmt5c"
"1874",NA,NA,"Slc46a3"
"1875",NA,NA,"Cisd3"
"1876",NA,NA,"Dnah8"
"1877",NA,NA,"Cmtr2"
"1878",NA,NA,"Tbc1d5"
"1879",NA,NA,"Ifitm10"
"1880",NA,NA,"Abcd4"
"1881",NA,NA,"Haus8"
"1882",NA,NA,"Polr2f"
"1883",NA,NA,"Ybx3"
"1884",NA,NA,"Dis3l2"
"1885",NA,NA,"Poglut1"
"1886",NA,NA,"Tsfm"
"1887",NA,NA,"Ift57"
"1888",NA,NA,"Fmnl1"
"1889",NA,NA,"Septin9"
"1890",NA,NA,"Gtf2e1"
"1891",NA,NA,"Oga"
"1892",NA,NA,"Ggt1"
"1893",NA,NA,"Trp53rkb"
"1894",NA,NA,"Fto"
"1895",NA,NA,"Thap4"
"1896",NA,NA,"Lsm7"
"1897",NA,NA,"Tamm41"
"1898",NA,NA,"Smpd5"
"1899",NA,NA,"Ifi206"
"1900",NA,NA,"AW209491"
"1901",NA,NA,"Hectd3"
"1902",NA,NA,"Abcd2"
"1903",NA,NA,"Gm5150"
"1904",NA,NA,"Tut4"
"1905",NA,NA,"Kdm7a"
"1906",NA,NA,"Ets2"
"1907",NA,NA,"Sertad3"
"1908",NA,NA,"Xaf1"
"1909",NA,NA,"Trbv15"
"1910",NA,NA,"Irf6"
"1911",NA,NA,"Slc25a45"
"1912",NA,NA,"Tex9"
"1913",NA,NA,"Rb1cc1"
"1914",NA,NA,"Btbd2"
"1915",NA,NA,"Fcf1"
"1916",NA,NA,"Sp140"
"1917",NA,NA,"D2hgdh"
"1918",NA,NA,"Pdk2"
"1919",NA,NA,"Pld4"
"1920",NA,NA,"Atl3"
"1921",NA,NA,"Prmt9"
"1922",NA,NA,"Trbv13-1"
"1923",NA,NA,"Mthfd1"
"1924",NA,NA,"Ndufa5"
"1925",NA,NA,"Yars2"
"1926",NA,NA,"Zdhhc9"
"1927",NA,NA,"Gm35315"
"1928",NA,NA,"Ctnnb1"
"1929",NA,NA,"Hspa13"
"1930",NA,NA,"Pomt2"
"1931",NA,NA,"Sinhcaf"
"1932",NA,NA,"Maf"
"1933",NA,NA,"Galnt7"
"1934",NA,NA,"Rbm34"
"1935",NA,NA,"Ezh1"
"1936",NA,NA,"Helb"
"1937",NA,NA,"Dpagt1"
"1938",NA,NA,"Itgal"
"1939",NA,NA,"Cyp4v3"
"1940",NA,NA,"Exosc1"
"1941",NA,NA,"Eva1b"
"1942",NA,NA,"Bckdhb"
"1943",NA,NA,"Cdc42ep3"
"1944",NA,NA,"Hsd17b7"
"1945",NA,NA,"Cmpk2"
"1946",NA,NA,"Phip"
"1947",NA,NA,"Tada2a"
"1948",NA,NA,"Acap2"
"1949",NA,NA,"Mul1"
"1950",NA,NA,"Cbx8"
"1951",NA,NA,"Zfp692"
"1952",NA,NA,"Anxa2"
"1953",NA,NA,"Insr"
"1954",NA,NA,"Bag3"
"1955",NA,NA,"Btf3l4"
"1956",NA,NA,"Stk40"
"1957",NA,NA,"Ms4a4c"
"1958",NA,NA,"Cep57l1"
"1959",NA,NA,"Ino80e"
"1960",NA,NA,"Tube1"
"1961",NA,NA,"Fdft1"
"1962",NA,NA,"E2f2"
"1963",NA,NA,"Bdh2"
"1964",NA,NA,"Syde2"
"1965",NA,NA,"Fcgrt"
"1966",NA,NA,"Pfas"
"1967",NA,NA,"Hsh2d"
"1968",NA,NA,"Top1"
"1969",NA,NA,"Ctdsp2"
"1970",NA,NA,"Timm8a1"
"1971",NA,NA,"Thyn1"
"1972",NA,NA,"Fbxl17"
"1973",NA,NA,"Jmy"
"1974",NA,NA,"Alpk2"
"1975",NA,NA,"Bicdl1"
"1976",NA,NA,"Afap1"
"1977",NA,NA,"Nfatc2"
"1978",NA,NA,"Naaa"
"1979",NA,NA,"Smg9"
"1980",NA,NA,"Itgad"
"1981",NA,NA,"Stk39"
"1982",NA,NA,"Rgl1"
"1983",NA,NA,"Lgals8"
"1984",NA,NA,"Abcg3"
"1985",NA,NA,"Castor1"
"1986",NA,NA,"Rapgef4"
"1987",NA,NA,"Uxt"
"1988",NA,NA,"Dtx3"
"1989",NA,NA,"Tcn2"
"1990",NA,NA,"Plekhm3"
"1991",NA,NA,"Phf11c"
"1992",NA,NA,"Trafd1"
"1993",NA,NA,"Serpini1"
"1994",NA,NA,"Atf6b"
"1995",NA,NA,"Fry"
"1996",NA,NA,"Ufl1"
"1997",NA,NA,"Ccsap"
"1998",NA,NA,"Tmem141"
"1999",NA,NA,"Xrn1"
"2000",NA,NA,"Vmac"
"2001",NA,NA,"Map1b"
"2002",NA,NA,"Plin2"
"2003",NA,NA,"Fem1a"
"2004",NA,NA,"Mpeg1"
"2005",NA,NA,"Trim37"
"2006",NA,NA,"Trbv12-2"
"2007",NA,NA,"Fam53c"
"2008",NA,NA,"Ptpre"
"2009",NA,NA,"Cnih1"
"2010",NA,NA,"Spice1"
"2011",NA,NA,"Acadl"
"2012",NA,NA,"Zfp930"
"2013",NA,NA,"Pycrl"
"2014",NA,NA,"Coq4"
"2015",NA,NA,"Slc37a1"
"2016",NA,NA,"Ccdc28a"
"2017",NA,NA,"Adgrl1"
"2018",NA,NA,"Tubb6"
"2019",NA,NA,"Lgals7"
"2020",NA,NA,"Adcy3"
"2021",NA,NA,"Oas1c"
"2022",NA,NA,"Pank3"
"2023",NA,NA,"Tlr7"
"2024",NA,NA,"Tm7sf3"
"2025",NA,NA,"Rcor3"
"2026",NA,NA,"Gpr34"
"2027",NA,NA,"Ptch1"
"2028",NA,NA,"Msrb2"
"2029",NA,NA,"Rab3a"
"2030",NA,NA,"Wdr91"
"2031",NA,NA,"Med7"
"2032",NA,NA,"Ascc2"
"2033",NA,NA,"Nod1"
"2034",NA,NA,"Far1"
"2035",NA,NA,"Xpa"
"2036",NA,NA,"Rps6ka3"
"2037",NA,NA,"Pdcd11"
"2038",NA,NA,"Gucd1"
"2039",NA,NA,"Pglyrp1"
"2040",NA,NA,"Fancf"
"2041",NA,NA,"Eogt"
"2042",NA,NA,"Nomo1"
"2043",NA,NA,"Map3k4"
"2044",NA,NA,"Map7d1"
"2045",NA,NA,"Sepsecs"
"2046",NA,NA,"Tor4a"
"2047",NA,NA,"Atp10d"
"2048",NA,NA,"B3gnt3"
"2049",NA,NA,"Trbv13-3"
"2050",NA,NA,"Atg10"
"2051",NA,NA,"Rab6b"
"2052",NA,NA,"Lats2"
"2053",NA,NA,"Tbl2"
"2054",NA,NA,"Ankrd50"
"2055",NA,NA,"Rrp12"
"2056",NA,NA,"S100a6"
"2057",NA,NA,"Pwp2"
"2058",NA,NA,"Tspan15"
"2059",NA,NA,"Marveld1"
"2060",NA,NA,"Zfp945"
"2061",NA,NA,"Spred1"
"2062",NA,NA,"Mblac2"
"2063",NA,NA,"Ppargc1b"
"2064",NA,NA,"Cep250"
"2065",NA,NA,"Rph3al"
"2066",NA,NA,"Tsen2"
"2067",NA,NA,"Mrpl52"
"2068",NA,NA,"Klf4"
"2069",NA,NA,"Shld1"
"2070",NA,NA,"Cd163"
"2071",NA,NA,"Cyp11a1"
"2072",NA,NA,"Emc7"
"2073",NA,NA,"Fcer1g"
"2074",NA,NA,"Xcl1"
"2075",NA,NA,"Cryl1"
"2076",NA,NA,"Sqor"
"2077",NA,NA,"Gatc"
"2078",NA,NA,"Tbc1d16"
"2079",NA,NA,"1810030O07Rik"
"2080",NA,NA,"Mis12"
"2081",NA,NA,"Il12rb1"
"2082",NA,NA,"Zfp808"
"2083",NA,NA,"Ripor1"
"2084",NA,NA,"Fhip1b"
"2085",NA,NA,"H2ac20"
"2086",NA,NA,"Rnf39"
"2087",NA,NA,"Plekha7"
"2088",NA,NA,"Mturn"
"2089",NA,NA,"Cep95"
"2090",NA,NA,"Elovl6"
"2091",NA,NA,"Mlycd"
"2092",NA,NA,"Il18"
"2093",NA,NA,"Tnfsf14"
"2094",NA,NA,"Nacc1"
"2095",NA,NA,"Cbx3"
"2096",NA,NA,"Rab11fip3"
"2097",NA,NA,"Alg8"
"2098",NA,NA,"Gzma"
"2099",NA,NA,"Cdadc1"
"2100",NA,NA,"Jup"
"2101",NA,NA,"Nhlrc1"
"2102",NA,NA,"Trmt10a"
"2103",NA,NA,"Khnyn"
"2104",NA,NA,"Pmel"
"2105",NA,NA,"Vwa8"
"2106",NA,NA,"Ccl1"
"2107",NA,NA,"Lpar3"
"2108",NA,NA,"Tnip3"
"2109",NA,NA,"Dusp8"
"2110",NA,NA,"Bcl2a1b"
"2111",NA,NA,"Ttc7b"
"2112",NA,NA,"Prdx3"
"2113",NA,NA,"Lipt2"
"2114",NA,NA,"Ckap5"
"2115",NA,NA,"Uvssa"
"2116",NA,NA,"Dguok"
"2117",NA,NA,"Ampd2"
"2118",NA,NA,"Mks1"
"2119",NA,NA,"Zfp395"
"2120",NA,NA,"Man1c1"
"2121",NA,NA,"Nhsl1"
"2122",NA,NA,"Ganc"
"2123",NA,NA,"Vav3"
"2124",NA,NA,"Jade2"
"2125",NA,NA,"Cops3"
"2126",NA,NA,"Fam20a"
"2127",NA,NA,"Inhba"
"2128",NA,NA,"Ccser2"
"2129",NA,NA,"Cdc14a"
"2130",NA,NA,"Slc27a1"
"2131",NA,NA,"Manba"
"2132",NA,NA,"Lrp1"
"2133",NA,NA,"Uxs1"
"2134",NA,NA,"Tdrkh"
"2135",NA,NA,"Ercc5"
"2136",NA,NA,"Apobec1"
"2137",NA,NA,"Iqce"
"2138",NA,NA,"App"
"2139",NA,NA,"Rusc1"
"2140",NA,NA,"Lyz2"
"2141",NA,NA,"Prpf40b"
"2142",NA,NA,"Ppp2r5b"
"2143",NA,NA,"Ndc80"
"2144",NA,NA,"Pilrb2"
"2145",NA,NA,"Zc4h2"
"2146",NA,NA,"Chn2"
"2147",NA,NA,"Slc8b1"
"2148",NA,NA,"Lpin1"
"2149",NA,NA,"Pde3b"
"2150",NA,NA,"Odad1"
"2151",NA,NA,"Smyd4"
"2152",NA,NA,"Tanc1"
"2153",NA,NA,"Mknk2"
"2154",NA,NA,"Ano8"
"2155",NA,NA,"Cd68"
"2156",NA,NA,"Plxdc1"
"2157",NA,NA,"Gnl3l"
"2158",NA,NA,"Zfp438"
"2159",NA,NA,"Gm9844"
"2160",NA,NA,"Mx2"
"2161",NA,NA,"Cnep1r1"
"2162",NA,NA,"Sema4f"
"2163",NA,NA,"6030458C11Rik"
"2164",NA,NA,"Nme4"
"2165",NA,NA,"Tmem170b"
"2166",NA,NA,"Sema4b"
"2167",NA,NA,"Fdps"
"2168",NA,NA,"Gadd45a"
"2169",NA,NA,"Dhx34"
"2170",NA,NA,"Atp8b2"
"2171",NA,NA,"Tmem106c"
"2172",NA,NA,"Thada"
"2173",NA,NA,"Cx3cl1"
"2174",NA,NA,"Tbc1d2b"
"2175",NA,NA,"Cit"
"2176",NA,NA,"Snai3"
"2177",NA,NA,"Xkrx"
"2178",NA,NA,"Hdac8"
"2179",NA,NA,"Ppfia4"
"2180",NA,NA,"Sgsm3"
"2181",NA,NA,"Avl9"
"2182",NA,NA,"Gstk1"
"2183",NA,NA,"Nkx1-1"
"2184",NA,NA,"Ccdc125"
"2185",NA,NA,"Zswim4"
"2186",NA,NA,"Lrp8"
"2187",NA,NA,"Uap1l1"
"2188",NA,NA,"Lrsam1"
"2189",NA,NA,"Itga7"
"2190",NA,NA,"Pkp4"
"2191",NA,NA,"Mr1"
"2192",NA,NA,"Srgap2"
"2193",NA,NA,"Lrig2"
"2194",NA,NA,"Fgd2"
"2195",NA,NA,"Rasgrf2"
"2196",NA,NA,"Elovl7"
"2197",NA,NA,"Erlin1"
"2198",NA,NA,"Pabpc4"
"2199",NA,NA,"Dus4l"
"2200",NA,NA,"Polr3e"
"2201",NA,NA,"Klk8"
"2202",NA,NA,"Zbtb20"
"2203",NA,NA,"Aimp1"
"2204",NA,NA,"Mettl8"
"2205",NA,NA,"Ift46"
"2206",NA,NA,"Uqcc2"
"2207",NA,NA,"Msh3"
"2208",NA,NA,"Tifab"
"2209",NA,NA,"Cd74"
"2210",NA,NA,"Ccdc126"
"2211",NA,NA,"Pcgf6"
"2212",NA,NA,"Enc1"
"2213",NA,NA,"Vkorc1l1"
"2214",NA,NA,"Tyrobp"
"2215",NA,NA,"Hspa1a"
"2216",NA,NA,"Zfp683"
"2217",NA,NA,"Gpr141"
"2218",NA,NA,"Ephb6"
"2219",NA,NA,"Atp8b4"
"2220",NA,NA,"Raver2"
"2221",NA,NA,"Timd4"
"2222",NA,NA,"Il18r1"
"2223",NA,NA,"Adcy6"
"2224",NA,NA,"Otud4"
"2225",NA,NA,"Slc26a10"
"2226",NA,NA,"Fbxl4"
"2227",NA,NA,"Scrn3"
"2228",NA,NA,"Nqo1"
"2229",NA,NA,"Nek8"
"2230",NA,NA,"Trim5"
"2231",NA,NA,"Aldh4a1"
"2232",NA,NA,"Ifi30"
"2233",NA,NA,"Slc4a8"
"2234",NA,NA,"Epb41l1"
"2235",NA,NA,"Mfhas1"
"2236",NA,NA,"H2-DMb1"
"2237",NA,NA,"Polr2h"
"2238",NA,NA,"Man2c1"
"2239",NA,NA,"Hectd4"
"2240",NA,NA,"Ddi2"
"2241",NA,NA,"Was"
"2242",NA,NA,"Sirpb1a"
"2243",NA,NA,"Mical1"
"2244",NA,NA,"Arhgap19"
"2245",NA,NA,"Tnfsf4"
"2246",NA,NA,"Zfp106"
"2247",NA,NA,"Wdfy1"
"2248",NA,NA,"Dpcd"
"2249",NA,NA,"Spo11"
"2250",NA,NA,"Eif4e3"
"2251",NA,NA,"Zfp868"
"2252",NA,NA,"Mcee"
"2253",NA,NA,"Ilrun"
"2254",NA,NA,"Hlcs"
"2255",NA,NA,"Cradd"
"2256",NA,NA,"Neto2"
"2257",NA,NA,"Wdr45"
"2258",NA,NA,"Zbtb14"
"2259",NA,NA,"Dohh"
"2260",NA,NA,"Klc4"
"2261",NA,NA,"Bend3"
"2262",NA,NA,"Dmpk"
"2263",NA,NA,"Zfp850"
"2264",NA,NA,"Kif16b"
"2265",NA,NA,"Ftsj1"
"2266",NA,NA,"Dennd10"
"2267",NA,NA,"Fhip2a"
"2268",NA,NA,"Aldh1l1"
"2269",NA,NA,"Ikzf4"
"2270",NA,NA,"Cpt1a"
"2271",NA,NA,"Cd5l"
"2272",NA,NA,"Arhgef39"
"2273",NA,NA,"Cd300e"
"2274",NA,NA,"Zfp956"
"2275",NA,NA,"Enox2"
"2276",NA,NA,"Fam241a"
"2277",NA,NA,"Kansl1"
"2278",NA,NA,"Ncs1"
"2279",NA,NA,"Rasl11b"
"2280",NA,NA,"Bank1"
"2281",NA,NA,"Lrrc57"
"2282",NA,NA,"Nefh"
"2283",NA,NA,"Dkkl1"
"2284",NA,NA,"Clec12a"
"2285",NA,NA,"H2bc21"
"2286",NA,NA,"Mccc2"
"2287",NA,NA,"Pus7l"
"2288",NA,NA,"Poli"
"2289",NA,NA,"Ccl4"
"2290",NA,NA,"Kifc1"
"2291",NA,NA,"Epb41l4b"
"2292",NA,NA,"Med19"
"2293",NA,NA,"Ano6"
"2294",NA,NA,"Pacs2"
"2295",NA,NA,"Fam168a"
"2296",NA,NA,"Ift81"
"2297",NA,NA,"Btbd11"
"2298",NA,NA,"Slfn5"
"2299",NA,NA,"Cilk1"
"2300",NA,NA,"Trbv14"
"2301",NA,NA,"Casp6"
"2302",NA,NA,"Acvr2a"
"2303",NA,NA,"Ap1m2"
"2304",NA,NA,"Rnf122"
"2305",NA,NA,"H3c1"
"2306",NA,NA,"Git1"
"2307",NA,NA,"Asb13"
"2308",NA,NA,"Hivep1"
"2309",NA,NA,"Zfp414"
"2310",NA,NA,"Sorbs3"
"2311",NA,NA,"Lgmn"
"2312",NA,NA,"Slc12a6"
"2313",NA,NA,"Mrpl44"
"2314",NA,NA,"Palm"
"2315",NA,NA,"Ncbp2"
"2316",NA,NA,"Creb3l1"
"2317",NA,NA,"Plbd2"
"2318",NA,NA,"Itgb8"
"2319",NA,NA,"Urb1"
"2320",NA,NA,"Tnfrsf23"
"2321",NA,NA,"Mllt1"
"2322",NA,NA,"Pex14"
"2323",NA,NA,"Dcaf5"
"2324",NA,NA,"Zc3h12a"
"2325",NA,NA,"Csf2"
"2326",NA,NA,"Ctso"
"2327",NA,NA,"Acox3"
"2328",NA,NA,"Sdccag8"
"2329",NA,NA,"Prrg1"
"2330",NA,NA,"Fmo5"
"2331",NA,NA,"Cdt1"
"2332",NA,NA,"Galm"
"2333",NA,NA,"Wdr19"
"2334",NA,NA,"Mmachc"
"2335",NA,NA,"Myg1"
"2336",NA,NA,"Fbxo17"
"2337",NA,NA,"2700049A03Rik"
"2338",NA,NA,"Gen1"
"2339",NA,NA,"Fez2"
"2340",NA,NA,"Acad10"
"2341",NA,NA,"Rnasel"
"2342",NA,NA,"Angptl2"
"2343",NA,NA,"Pprc1"
"2344",NA,NA,"Pdp2"
"2345",NA,NA,"Dcun1d4"
"2346",NA,NA,"Ctu1"
"2347",NA,NA,"Adck2"
"2348",NA,NA,"Cbx2"
"2349",NA,NA,"Arhgef4"
"2350",NA,NA,"Tmem68"
"2351",NA,NA,"Enpp5"
"2352",NA,NA,"Timm8b"
"2353",NA,NA,"Gpt2"
"2354",NA,NA,"Pmf1"
"2355",NA,NA,"Zfp775"
"2356",NA,NA,"Faap24"
"2357",NA,NA,"Kansl1l"
"2358",NA,NA,"Zfp710"
"2359",NA,NA,"Plbd1"
"2360",NA,NA,"Rreb1"
"2361",NA,NA,"Cdc25a"
"2362",NA,NA,"Hpdl"
"2363",NA,NA,"Cnga1"
"2364",NA,NA,"Mettl27"
"2365",NA,NA,"Ddx60"
"2366",NA,NA,"Ccl20"
"2367",NA,NA,"Cryzl2"
"2368",NA,NA,"Spryd4"
"2369",NA,NA,"Rrm2"
"2370",NA,NA,"Selenbp1"
"2371",NA,NA,"Hspb6"
"2372",NA,NA,"Sntb2"
"2373",NA,NA,"Pias3"
"2374",NA,NA,"Mrps28"
"2375",NA,NA,"Ubald2"
"2376",NA,NA,"Elmo2"
"2377",NA,NA,"Rexo5"
"2378",NA,NA,"Spats2"
"2379",NA,NA,"Muc1"
"2380",NA,NA,"Spata2l"
"2381",NA,NA,"Scg5"
"2382",NA,NA,"Themis2"
"2383",NA,NA,"Cfap410"
"2384",NA,NA,"Pear1"
"2385",NA,NA,"Fam83g"
"2386",NA,NA,"Vav2"
"2387",NA,NA,"Kat6b"
"2388",NA,NA,"Mmp15"
"2389",NA,NA,"Pla2g6"
"2390",NA,NA,"Rbm12"
"2391",NA,NA,"Atg14"
"2392",NA,NA,"Nup205"
"2393",NA,NA,"Slc41a3"
"2394",NA,NA,"Axl"
"2395",NA,NA,"Ampd1"
"2396",NA,NA,"Trim10"
"2397",NA,NA,"Gbp6"
"2398",NA,NA,"Rpp25"
"2399",NA,NA,"Arsb"
"2400",NA,NA,"Pygl"
"2401",NA,NA,"Prcp"
"2402",NA,NA,"Syne1"
"2403",NA,NA,"Arrb1"
"2404",NA,NA,"Ccr9"
"2405",NA,NA,"Adamts6"
"2406",NA,NA,"Gpr68"
"2407",NA,NA,"Ksr1"
"2408",NA,NA,"Prkra"
"2409",NA,NA,"Map9"
"2410",NA,NA,"Asns"
"2411",NA,NA,"Pdgfb"
"2412",NA,NA,"Kcnh2"
"2413",NA,NA,"Gstcd"
"2414",NA,NA,"Lzts2"
"2415",NA,NA,"Vps13c"
"2416",NA,NA,"Zfp652"
"2417",NA,NA,"Clec1b"
"2418",NA,NA,"Fastkd1"
"2419",NA,NA,"Adam19"
"2420",NA,NA,"Polr2j"
"2421",NA,NA,"Armcx5"
"2422",NA,NA,"Pla2g2d"
"2423",NA,NA,"Klrd1"
"2424",NA,NA,"Dnase1l1"
"2425",NA,NA,"Homer1"
"2426",NA,NA,"Chchd2l"
"2427",NA,NA,"Tmem91"
"2428",NA,NA,"Mrpl41"
"2429",NA,NA,"Bphl"
"2430",NA,NA,"Slc25a24"
"2431",NA,NA,"Creb3l2"
"2432",NA,NA,"Zfp592"
"2433",NA,NA,"Polr2l"
"2434",NA,NA,"Smim40"
"2435",NA,NA,"Crebl2"
"2436",NA,NA,"Urb2"
"2437",NA,NA,"Clspn"
"2438",NA,NA,"Susd3"
"2439",NA,NA,"Slc10a7"
"2440",NA,NA,"Mpv17"
"2441",NA,NA,"Cptp"
"2442",NA,NA,"Cdkn2c"
"2443",NA,NA,"Adamts14"
"2444",NA,NA,"Evpl"
"2445",NA,NA,"Jag2"
"2446",NA,NA,"Bend5"
"2447",NA,NA,"Metap1d"
"2448",NA,NA,"Dnmbp"
"2449",NA,NA,"H6pd"
"2450",NA,NA,"Trbv17"
"2451",NA,NA,"Sh2d1a"
"2452",NA,NA,"Tmx4"
"2453",NA,NA,"Ly86"
"2454",NA,NA,"St3gal3"
"2455",NA,NA,"Lpcat2"
"2456",NA,NA,"Tnfsf11"
"2457",NA,NA,"Shld2"
"2458",NA,NA,"Atxn3"
"2459",NA,NA,"Flnb"
"2460",NA,NA,"Adal"
"2461",NA,NA,"Gng12"
"2462",NA,NA,"Serpinb6b"
"2463",NA,NA,"Cntrob"
"2464",NA,NA,"Idi1"
"2465",NA,NA,"Slc9b2"
"2466",NA,NA,"Il3"
"2467",NA,NA,"Dgke"
"2468",NA,NA,"Camkmt"
"2469",NA,NA,"Rfx3"
"2470",NA,NA,"Il1r2"
"2471",NA,NA,"Gm5134"
"2472",NA,NA,"H2-Q4"
"2473",NA,NA,"Gdpgp1"
"2474",NA,NA,"Trgv1"
"2475",NA,NA,"Car7"
"2476",NA,NA,"Akap17b"
"2477",NA,NA,"Nrde2"
"2478",NA,NA,"Ak3"
"2479",NA,NA,"Kat2b"
"2480",NA,NA,"Cracr2a"
"2481",NA,NA,"Baiap3"
"2482",NA,NA,"Pik3cg"
"2483",NA,NA,"Numb"
"2484",NA,NA,"Tpcn1"
"2485",NA,NA,"Slpi"
"2486",NA,NA,"Zfp365"
"2487",NA,NA,"Megf9"
"2488",NA,NA,"Gale"
"2489",NA,NA,"Coq8a"
"2490",NA,NA,"Cwc27"
"2491",NA,NA,"Anxa1"
"2492",NA,NA,"Ell2"
"2493",NA,NA,"Ccdc91"
"2494",NA,NA,"Rps6ka5"
"2495",NA,NA,"Ube2t"
"2496",NA,NA,"Pole2"
"2497",NA,NA,"Atg9a"
"2498",NA,NA,"Calhm6"
"2499",NA,NA,"Spin4"
"2500",NA,NA,"Dlgap5"
"2501",NA,NA,"Ildr1"
"2502",NA,NA,"Dgkd"
"2503",NA,NA,"Btbd8"
"2504",NA,NA,"Foxd2"
"2505",NA,NA,"Ccdc63"
"2506",NA,NA,"Eid2"
"2507",NA,NA,"Dnase1l3"
"2508",NA,NA,"Mafb"
"2509",NA,NA,"Ahcy"
"2510",NA,NA,"Ccrl2"
"2511",NA,NA,"Slc25a40"
"2512",NA,NA,"Fam151b"
"2513",NA,NA,"Rsl1"
"2514",NA,NA,"Cisd1"
"2515",NA,NA,"Lair1"
"2516",NA,NA,"Tle2"
"2517",NA,NA,"Trim68"
"2518",NA,NA,"Paqr8"
"2519",NA,NA,"Gngt2"
"2520",NA,NA,"Ogfod1"
"2521",NA,NA,"Gnb4"
"2522",NA,NA,"Ppp1r9b"
"2523",NA,NA,"Rcn3"
"2524",NA,NA,"Arap1"
"2525",NA,NA,"Pilrb1"
"2526",NA,NA,"Scd2"
"2527",NA,NA,"Hrh2"
"2528",NA,NA,"Rogdi"
"2529",NA,NA,"Man2a1"
"2530",NA,NA,"Armh3"
"2531",NA,NA,"Nhej1"
"2532",NA,NA,"C3"
"2533",NA,NA,"Dntt"
"2534",NA,NA,"Slc7a4"
"2535",NA,NA,"Cela1"
"2536",NA,NA,"Crip2"
"2537",NA,NA,"3110082I17Rik"
"2538",NA,NA,"Chst11"
"2539",NA,NA,"Sirt5"
"2540",NA,NA,"Sec61a2"
"2541",NA,NA,"Stx17"
"2542",NA,NA,"Brf2"
"2543",NA,NA,"Samd1"
"2544",NA,NA,"Kif15"
"2545",NA,NA,"Hipk2"
"2546",NA,NA,"Mycl"
"2547",NA,NA,"Dnai3"
"2548",NA,NA,"Klhl21"
"2549",NA,NA,"Gpt"
"2550",NA,NA,"Rims3"
"2551",NA,NA,"Ak6"
"2552",NA,NA,"Myo6"
"2553",NA,NA,"Cep72"
"2554",NA,NA,"Lgals4"
"2555",NA,NA,"Tmem229b"
"2556",NA,NA,"Arsa"
"2557",NA,NA,"Clec4n"
"2558",NA,NA,"Lrrcc1"
"2559",NA,NA,"Stk38l"
"2560",NA,NA,"Pfdn4"
"2561",NA,NA,"Vwa5a"
"2562",NA,NA,"Pcolce2"
"2563",NA,NA,"Ctsf"
"2564",NA,NA,"Nav2"
"2565",NA,NA,"Il17f"
"2566",NA,NA,"Gba2"
"2567",NA,NA,"Dnajc28"
"2568",NA,NA,"Mx1"
"2569",NA,NA,"Cbr3"
"2570",NA,NA,"Ubqln2"
"2571",NA,NA,"Mycbp"
"2572",NA,NA,"Slc22a17"
"2573",NA,NA,"Dand5"
"2574",NA,NA,"Babam2"
"2575",NA,NA,"Capn3"
"2576",NA,NA,"Cox5a"
"2577",NA,NA,"Rtl8c"
"2578",NA,NA,"Myl9"
"2579",NA,NA,"Zmym6"
"2580",NA,NA,"Commd5"
"2581",NA,NA,"Arid3b"
"2582",NA,NA,"4930522L14Rik"
"2583",NA,NA,"Nek6"
"2584",NA,NA,"Ntn1"
"2585",NA,NA,"Rdh13"
"2586",NA,NA,"Fer"
"2587",NA,NA,"Acaca"
"2588",NA,NA,"Fsd2"
"2589",NA,NA,"Impa2"
"2590",NA,NA,"Slc11a1"
"2591",NA,NA,"Usp53"
"2592",NA,NA,"Fam221a"
"2593",NA,NA,"Itih5"
"2594",NA,NA,"Casp9"
"2595",NA,NA,"Card9"
"2596",NA,NA,"Cfap54"
"2597",NA,NA,"Tbck"
"2598",NA,NA,"Trappc8"
"2599",NA,NA,"Prkar1b"
"2600",NA,NA,"Cxcr6"
"2601",NA,NA,"Gse1"
"2602",NA,NA,"Rfx2"
"2603",NA,NA,"Casp4"
"2604",NA,NA,"Usp37"
"2605",NA,NA,"H2bc4"
"2606",NA,NA,"Hck"
"2607",NA,NA,"Morn3"
"2608",NA,NA,"Mgmt"
"2609",NA,NA,"Alg12"
"2610",NA,NA,"Abtb2"
"2611",NA,NA,"C9orf72"
"2612",NA,NA,"Tjp3"
"2613",NA,NA,"Aif1"
"2614",NA,NA,"Fbxl20"
"2615",NA,NA,"Slc43a2"
"2616",NA,NA,"Armcx2"
"2617",NA,NA,"Myo1f"
"2618",NA,NA,"Cfp"
"2619",NA,NA,"Hs1bp3"
"2620",NA,NA,"Polr3gl"
"2621",NA,NA,"Stx1a"
"2622",NA,NA,"Hspa12a"
"2623",NA,NA,"Tmem101"
"2624",NA,NA,"Ccdc85c"
"2625",NA,NA,"Trgc4"
"2626",NA,NA,"Egln3"
"2627",NA,NA,"Map6"
"2628",NA,NA,"Golm2"
"2629",NA,NA,"Elac1"
"2630",NA,NA,"Spire1"
"2631",NA,NA,"Slc44a1"
"2632",NA,NA,"Emilin2"
"2633",NA,NA,"Aldh1b1"
"2634",NA,NA,"Trim46"
"2635",NA,NA,"Unc13a"
"2636",NA,NA,"Rxra"
"2637",NA,NA,"Cad"
"2638",NA,NA,"Chchd1"
"2639",NA,NA,"Clstn1"
"2640",NA,NA,"H2-Ab1"
"2641",NA,NA,"Pfkm"
"2642",NA,NA,"Ermard"
"2643",NA,NA,"Acpp"
"2644",NA,NA,"Golm1"
"2645",NA,NA,"Tmem156"
"2646",NA,NA,"Hic1"
"2647",NA,NA,"Sdc3"
"2648",NA,NA,"B3gntl1"
"2649",NA,NA,"Tubg2"
"2650",NA,NA,"Clec4a2"
"2651",NA,NA,"Ccr3"
"2652",NA,NA,"Pgap1"
"2653",NA,NA,"Gadd45gip1"
"2654",NA,NA,"Hspa1b"
"2655",NA,NA,"Klhl18"
"2656",NA,NA,"Gfer"
"2657",NA,NA,"Rapgef2"
"2658",NA,NA,"Arhgef11"
"2659",NA,NA,"Xdh"
"2660",NA,NA,"Wdr7"
"2661",NA,NA,"Kcnj10"
"2662",NA,NA,"Sdr42e1"
"2663",NA,NA,"Tcf19"
"2664",NA,NA,"Zdhhc15"
"2665",NA,NA,"Clec4a1"
"2666",NA,NA,"Acod1"
"2667",NA,NA,"Ndufaf1"
"2668",NA,NA,"Pcmtd2"
"2669",NA,NA,"Atp2b4"
"2670",NA,NA,"Hfe"
"2671",NA,NA,"Ankmy2"
"2672",NA,NA,"Arhgap18"
"2673",NA,NA,"Paqr9"
"2674",NA,NA,"Wdr11"
"2675",NA,NA,"Ccr10"
"2676",NA,NA,"Ssx2ip"
"2677",NA,NA,"Ncapd2"
"2678",NA,NA,"Zfp719"
"2679",NA,NA,"Grk5"
"2680",NA,NA,"Vma21"
"2681",NA,NA,"Calcrl"
"2682",NA,NA,"Chrnb1"
"2683",NA,NA,"Rundc3a"
"2684",NA,NA,"Nadsyn1"
"2685",NA,NA,"2700097O09Rik"
"2686",NA,NA,"Thsd1"
"2687",NA,NA,"Slc25a30"
"2688",NA,NA,"Zfp58"
"2689",NA,NA,"Traj42"
"2690",NA,NA,"Cxcl3"
"2691",NA,NA,"Zfp940"
"2692",NA,NA,"Irak3"
"2693",NA,NA,"Mex3b"
"2694",NA,NA,"Mxi1"
"2695",NA,NA,"Dnmt3b"
"2696",NA,NA,"Cks1b"
"2697",NA,NA,"Art3"
"2698",NA,NA,"Zbtb10"
"2699",NA,NA,"Emilin1"
"2700",NA,NA,"Kifc2"
"2701",NA,NA,"Dcxr"
"2702",NA,NA,"Naglu"
"2703",NA,NA,"Naf1"
"2704",NA,NA,"Retreg3"
"2705",NA,NA,"Fam222a"
"2706",NA,NA,"Hk3"
"2707",NA,NA,"Gfpt1"
"2708",NA,NA,"Fah"
"2709",NA,NA,"Myl4"
"2710",NA,NA,"Akr1c13"
"2711",NA,NA,"Samd14"
"2712",NA,NA,"Adgrb2"
"2713",NA,NA,"Cpd"
"2714",NA,NA,"Ormdl2"
"2715",NA,NA,"Tefm"
"2716",NA,NA,"Nup210"
"2717",NA,NA,"Tlr12"
"2718",NA,NA,"2810408A11Rik"
"2719",NA,NA,"Trim36"
"2720",NA,NA,"Hcfc1r1"
"2721",NA,NA,"P2ry12"
"2722",NA,NA,"Tpk1"
"2723",NA,NA,"Ahr"
"2724",NA,NA,"Rnf123"
"2725",NA,NA,"Osbpl5"
"2726",NA,NA,"Spef2"
"2727",NA,NA,"Il2"
"2728",NA,NA,"Susd4"
"2729",NA,NA,"Sh3pxd2a"
"2730",NA,NA,"Acvr1b"
"2731",NA,NA,"Fbxw4"
"2732",NA,NA,"2610008E11Rik"
"2733",NA,NA,"Foxo3"
"2734",NA,NA,"Sfmbt1"
"2735",NA,NA,"Emid1"
"2736",NA,NA,"Uhrf1bp1"
"2737",NA,NA,"Zscan22"
"2738",NA,NA,"Trim47"
"2739",NA,NA,"Fra10ac1"
"2740",NA,NA,"Siae"
"2741",NA,NA,"Gm10131"
"2742",NA,NA,"Cpeb2"
"2743",NA,NA,"Akap12"
"2744",NA,NA,"Pirb"
"2745",NA,NA,"Ccdc163"
"2746",NA,NA,"Gata1"
"2747",NA,NA,"Hpgds"
"2748",NA,NA,"P2ry2"
"2749",NA,NA,"9130019O22Rik"
"2750",NA,NA,"C2cd2l"
"2751",NA,NA,"Ppt2"
"2752",NA,NA,"Zcwpw1"
"2753",NA,NA,"Itgb3bp"
"2754",NA,NA,"Tpst1"
"2755",NA,NA,"Ctsh"
"2756",NA,NA,"Camta2"
"2757",NA,NA,"Arhgap26"
"2758",NA,NA,"Zc3h4"
"2759",NA,NA,"Enpp1"
"2760",NA,NA,"Isoc2b"
"2761",NA,NA,"Slc45a3"
"2762",NA,NA,"Gprasp1"
"2763",NA,NA,"Grifin"
"2764",NA,NA,"Arc"
"2765",NA,NA,"Rab20"
"2766",NA,NA,"Cd99l2"
"2767",NA,NA,"Klhl25"
"2768",NA,NA,"Apbb2"
"2769",NA,NA,"Dynlt1f"
"2770",NA,NA,"Nqo2"
"2771",NA,NA,"Igsf6"
"2772",NA,NA,"Dusp22"
"2773",NA,NA,"Dars2"
"2774",NA,NA,"Smim24"
"2775",NA,NA,"Itgb5"
"2776",NA,NA,"Nfam1"
"2777",NA,NA,"Rasal1"
"2778",NA,NA,"Nr1d2"
"2779",NA,NA,"Zfp12"
"2780",NA,NA,"Trpm4"
"2781",NA,NA,"Mns1"
"2782",NA,NA,"Nin"
"2783",NA,NA,"Dhfr"
"2784",NA,NA,"Casp7"
"2785",NA,NA,"Cep44"
"2786",NA,NA,"Ifitm6"
"2787",NA,NA,"Dgat2"
"2788",NA,NA,"Mdm1"
"2789",NA,NA,"Prdm9"
"2790",NA,NA,"Zfp189"
"2791",NA,NA,"Prr12"
"2792",NA,NA,"Ifi207"
"2793",NA,NA,"Bbs12"
"2794",NA,NA,"Nipal3"
"2795",NA,NA,"Aph1b"
"2796",NA,NA,"Pltp"
"2797",NA,NA,"Denn2b"
"2798",NA,NA,"Tmem240"
"2799",NA,NA,"Zfpm1"
"2800",NA,NA,"Fst"
"2801",NA,NA,"Pdlim7"
"2802",NA,NA,"Herc6"
"2803",NA,NA,"Akr1b10"
"2804",NA,NA,"Comtd1"
"2805",NA,NA,"Pou2f1"
"2806",NA,NA,"Haus5"
"2807",NA,NA,"Abca3"
"2808",NA,NA,"Ift172"
"2809",NA,NA,"Tbkbp1"
"2810",NA,NA,"Lrrc61"
"2811",NA,NA,"Tsen15"
"2812",NA,NA,"Drc1"
"2813",NA,NA,"Myo19"
"2814",NA,NA,"Ncr1"
"2815",NA,NA,"Ttc30a1"
"2816",NA,NA,"D130040H23Rik"
"2817",NA,NA,"Dusp23"
"2818",NA,NA,"F2rl1"
"2819",NA,NA,"Fbxl8"
"2820",NA,NA,"Tsc22d1"
"2821",NA,NA,"Alg2"
"2822",NA,NA,"Col11a2"
"2823",NA,NA,"Il9r"
"2824",NA,NA,"Brpf3"
"2825",NA,NA,"Prxl2b"
"2826",NA,NA,"Tango2"
"2827",NA,NA,"Frat1"
"2828",NA,NA,"Siglece"
"2829",NA,NA,"Trim34a"
"2830",NA,NA,"Susd1"
"2831",NA,NA,"Smim13"
"2832",NA,NA,"Ctdsp1"
"2833",NA,NA,"Cxcr4"
"2834",NA,NA,"Kcnab1"
"2835",NA,NA,"Ptprm"
"2836",NA,NA,"Oasl1"
"2837",NA,NA,"Syn1"
"2838",NA,NA,"Akr1e1"
"2839",NA,NA,"Acsf2"
"2840",NA,NA,"Rasgrp4"
"2841",NA,NA,"Atg2a"
"2842",NA,NA,"Sec16b"
"2843",NA,NA,"Agpat2"
"2844",NA,NA,"Mast4"
"2845",NA,NA,"Sac3d1"
"2846",NA,NA,"Thnsl2"
"2847",NA,NA,"Kbtbd3"
"2848",NA,NA,"Gemin6"
"2849",NA,NA,"Cpq"
"2850",NA,NA,"Tg"
"2851",NA,NA,"Tmem108"
"2852",NA,NA,"Fitm2"
"2853",NA,NA,"H2ac25"
"2854",NA,NA,"Osgin1"
"2855",NA,NA,"Lpar5"
"2856",NA,NA,"Fgf2"
"2857",NA,NA,"Il10"
"2858",NA,NA,"Ubd"
"2859",NA,NA,"Atp1a2"
"2860",NA,NA,"Cracdl"
"2861",NA,NA,"Stard10"
"2862",NA,NA,"Lig3"
"2863",NA,NA,"H2-Q10"
"2864",NA,NA,"Ccdc171"
"2865",NA,NA,"Zdhhc2"
"2866",NA,NA,"Fcmr"
"2867",NA,NA,"Arhgap29"
"2868",NA,NA,"Zbtb8a"
"2869",NA,NA,"Rnase6"
"2870",NA,NA,"Pgm2l1"
"2871",NA,NA,"Mroh2a"
"2872",NA,NA,"Kif23"
"2873",NA,NA,"4931414P19Rik"
"2874",NA,NA,"Sorbs1"
"2875",NA,NA,"Acer2"
"2876",NA,NA,"Cth"
"2877",NA,NA,"Fbxw17"
"2878",NA,NA,"Trib3"
"2879",NA,NA,"Snrnp35"
"2880",NA,NA,"Rtel1"
"2881",NA,NA,"Synpo"
"2882",NA,NA,"Arhgef10"
"2883",NA,NA,"Kcna2"
"2884",NA,NA,"Mgst1"
"2885",NA,NA,"Cnksr3"
"2886",NA,NA,"Extl2"
"2887",NA,NA,"Slc25a13"
"2888",NA,NA,"Trgc1"
"2889",NA,NA,"Rnf113a1"
"2890",NA,NA,"Gm20605"
"2891",NA,NA,"Gnat1"
"2892",NA,NA,"Ptms"
"2893",NA,NA,"H2-DMb2"
"2894",NA,NA,"Pycr1"
"2895",NA,NA,"Brdt"
"2896",NA,NA,"Ptprn"
"2897",NA,NA,"Fjx1"
"2898",NA,NA,"Hspb11"
"2899",NA,NA,"Epc2"
"2900",NA,NA,"Slc26a8"
"2901",NA,NA,"Fahd2a"
"2902",NA,NA,"Tex45"
"2903",NA,NA,"Adgrg5"
"2904",NA,NA,"Napsa"
"2905",NA,NA,"Med18"
"2906",NA,NA,"Pla2g7"
"2907",NA,NA,"Camk2g"
"2908",NA,NA,"Mtmr10"
"2909",NA,NA,"Gtf2ird1"
"2910",NA,NA,"Fn1"
"2911",NA,NA,"Bbs2"
"2912",NA,NA,"Pabpc1l"
"2913",NA,NA,"Cplane1"
"2914",NA,NA,"Ttll3"
"2915",NA,NA,"Ccdc58"
"2916",NA,NA,"Adat1"
"2917",NA,NA,"Alox8"
"2918",NA,NA,"Pam16"
"2919",NA,NA,"Zfp296"
"2920",NA,NA,"Sipa1l2"
"2921",NA,NA,"H1f4"
"2922",NA,NA,"Tmem38b"
"2923",NA,NA,"Unc5cl"
"2924",NA,NA,"Bcl7a"
"2925",NA,NA,"Vkorc1"
"2926",NA,NA,"Ncf2"
"2927",NA,NA,"2010315B03Rik"
"2928",NA,NA,"Pira12"
"2929",NA,NA,"Zfp983"
"2930",NA,NA,"Pigv"
"2931",NA,NA,"Pierce2"
"2932",NA,NA,"Arhgap10"
"2933",NA,NA,"Rsad1"
"2934",NA,NA,"Poll"
"2935",NA,NA,"Gbp10"
"2936",NA,NA,"Map4k5"
"2937",NA,NA,"Abcb1a"
"2938",NA,NA,"H1f3"
"2939",NA,NA,"Ccnb2"
"2940",NA,NA,"Rab31"
"2941",NA,NA,"Timeless"
"2942",NA,NA,"Tnfrsf22"
"2943",NA,NA,"Aldoc"
"2944",NA,NA,"Perm1"
"2945",NA,NA,"Zfp599"
"2946",NA,NA,"H2-Oa"
"2947",NA,NA,"Csf2ra"
"2948",NA,NA,"Dnajb13"
"2949",NA,NA,"Accs"
"2950",NA,NA,"Coro2a"
"2951",NA,NA,"Car11"
"2952",NA,NA,"Zfp61"
"2953",NA,NA,"Deptor"
"2954",NA,NA,"Hirip3"
"2955",NA,NA,"Ggta1"
"2956",NA,NA,"Tmem35a"
"2957",NA,NA,"Gm6377"
"2958",NA,NA,"6720489N17Rik"
"2959",NA,NA,"Odf2l"
"2960",NA,NA,"Sema6c"
"2961",NA,NA,"Fkbpl"
"2962",NA,NA,"Nicn1"
"2963",NA,NA,"Lilrb4b"
"2964",NA,NA,"Colq"
"2965",NA,NA,"Chdh"
"2966",NA,NA,"Cbfa2t3"
"2967",NA,NA,"Trav6d-3"
"2968",NA,NA,"Mocs1"
"2969",NA,NA,"Mocos"
"2970",NA,NA,"Slc25a15"
"2971",NA,NA,"Sap30"
"2972",NA,NA,"Fam43a"
"2973",NA,NA,"Ccdc173"
"2974",NA,NA,"Tatdn3"
"2975",NA,NA,"Plppr3"
"2976",NA,NA,"Ankrd13b"
"2977",NA,NA,"Lmo4"
"2978",NA,NA,"Ptprv"
"2979",NA,NA,"Cd300a"
"2980",NA,NA,"Ccdc34"
"2981",NA,NA,"Plod1"
"2982",NA,NA,"Afg1l"
"2983",NA,NA,"Ttll5"
"2984",NA,NA,"Wnt5b"
"2985",NA,NA,"Acad12"
"2986",NA,NA,"Phka2"
"2987",NA,NA,"Tmem86a"
"2988",NA,NA,"Proser3"
"2989",NA,NA,"Fam161a"
"2990",NA,NA,"C2cd2"
"2991",NA,NA,"F11r"
"2992",NA,NA,"Inf2"
"2993",NA,NA,"Setd1b"
"2994",NA,NA,"Wrn"
"2995",NA,NA,"Mettl7a1"
"2996",NA,NA,"Fbxl22"
"2997",NA,NA,"Ajuba"
"2998",NA,NA,"4931428F04Rik"
"2999",NA,NA,"Marchf8"
"3000",NA,NA,"Ceacam1"
"3001",NA,NA,"Plagl1"
"3002",NA,NA,"Tmem106a"
"3003",NA,NA,"Afmid"
"3004",NA,NA,"Txndc16"
"3005",NA,NA,"Gdf15"
"3006",NA,NA,"Rtl8a"
"3007",NA,NA,"Bend4"
"3008",NA,NA,"Tspyl4"
"3009",NA,NA,"Bbof1"
"3010",NA,NA,"Mlh3"
"3011",NA,NA,"Fn3k"
"3012",NA,NA,"Tm7sf2"
"3013",NA,NA,"Tesk2"
"3014",NA,NA,"Gucy1a1"
"3015",NA,NA,"Zbtb42"
"3016",NA,NA,"Prss12"
"3017",NA,NA,"Trbv12-1"
"3018",NA,NA,"Cdc6"
"3019",NA,NA,"Kcnrg"
"3020",NA,NA,"Il10ra"
"3021",NA,NA,"Ptprk"
"3022",NA,NA,"Akap1"
"3023",NA,NA,"Pik3ap1"
"3024",NA,NA,"Ednrb"
"3025",NA,NA,"Tnfrsf10b"
"3026",NA,NA,"Il1r1"
"3027",NA,NA,"Cd79a"
"3028",NA,NA,"Sco1"
"3029",NA,NA,"Pigw"
"3030",NA,NA,"Tbc1d2"
"3031",NA,NA,"Podnl1"
"3032",NA,NA,"Slc2a3"
"3033",NA,NA,"Lyrm7"
"3034",NA,NA,"Gata2"
"3035",NA,NA,"Zfp958"
"3036",NA,NA,"9130401M01Rik"
"3037",NA,NA,"Cdr2l"
"3038",NA,NA,"Ak4"
"3039",NA,NA,"Pccb"
"3040",NA,NA,"Acad11"
"3041",NA,NA,"Lingo4"
"3042",NA,NA,"Grhl1"
"3043",NA,NA,"Cmtm4"
"3044",NA,NA,"Dbp"
"3045",NA,NA,"Tmem51"
"3046",NA,NA,"Washc1"
"3047",NA,NA,"Pemt"
"3048",NA,NA,"Atp1a3"
"3049",NA,NA,"Psmc3ip"
"3050",NA,NA,"Zcchc18"
"3051",NA,NA,"Jrk"
"3052",NA,NA,"Rtl8b"
"3053",NA,NA,"Plxnc1"
"3054",NA,NA,"Inppl1"
"3055",NA,NA,"Hacl1"
"3056",NA,NA,"Fam174b"
"3057",NA,NA,"Tspan6"
"3058",NA,NA,"Rap1gap2"
"3059",NA,NA,"Gpr35"
"3060",NA,NA,"Gdpd1"
"3061",NA,NA,"Il4"
"3062",NA,NA,"Cd300lf"
"3063",NA,NA,"Rrm2b"
"3064",NA,NA,"Agap1"
"3065",NA,NA,"Hacd4"
"3066",NA,NA,"1190007I07Rik"
"3067",NA,NA,"Usp22"
"3068",NA,NA,"Cldn12"
"3069",NA,NA,"AA467197"
"3070",NA,NA,"Dyrk3"
"3071",NA,NA,"H4c3"
"3072",NA,NA,"Il17a"
"3073",NA,NA,"Exoc6b"
"3074",NA,NA,"Zcchc24"
"3075",NA,NA,"Aldh6a1"
"3076",NA,NA,"Cage1"
"3077",NA,NA,"Tshz1"
"3078",NA,NA,"Fads6"
"3079",NA,NA,"Ppip5k1"
"3080",NA,NA,"Nmb"
"3081",NA,NA,"Trav3-3"
"3082",NA,NA,"Col27a1"
"3083",NA,NA,"Shpk"
"3084",NA,NA,"Lrba"
"3085",NA,NA,"Fahd1"
"3086",NA,NA,"Adamtsl4"
"3087",NA,NA,"Syt13"
"3088",NA,NA,"Armc6"
"3089",NA,NA,"Abca1"
"3090",NA,NA,"Zfp931"
"3091",NA,NA,"Dnaaf9"
"3092",NA,NA,"Ogfrl1"
"3093",NA,NA,"Pigf"
"3094",NA,NA,"Bcdin3d"
"3095",NA,NA,"Plat"
"3096",NA,NA,"Klra8"
"3097",NA,NA,"Slc12a8"
"3098",NA,NA,"Ppp1r12b"
"3099",NA,NA,"Clasp2"
"3100",NA,NA,"Rec8"
"3101",NA,NA,"Pkn3"
"3102",NA,NA,"Tmem273"
"3103",NA,NA,"Mpst"
"3104",NA,NA,"Cuedc1"
"3105",NA,NA,"Nedd4"
"3106",NA,NA,"H4c16"
"3107",NA,NA,"Mrgpre"
"3108",NA,NA,"Actn2"
"3109",NA,NA,"Cd34"
"3110",NA,NA,"Cldn10"
"3111",NA,NA,"Ankrd55"
"3112",NA,NA,"Tnks1bp1"
"3113",NA,NA,"Bmp7"
"3114",NA,NA,"Mllt11"
"3115",NA,NA,"Pbx4"
"3116",NA,NA,"Zfp30"
"3117",NA,NA,"Lrch4"
"3118",NA,NA,"Carnmt1"
"3119",NA,NA,"Myo5b"
"3120",NA,NA,"Ndufb4"
"3121",NA,NA,"Xylt1"
"3122",NA,NA,"Pparg"
"3123",NA,NA,"Mroh1"
"3124",NA,NA,"Glrp1"
"3125",NA,NA,"Iqsec1"
"3126",NA,NA,"Fpr1"
"3127",NA,NA,"Lzts1"
"3128",NA,NA,"Cpa3"
"3129",NA,NA,"Apol8"
"3130",NA,NA,"Slc7a3"
"3131",NA,NA,"Exo1"
"3132",NA,NA,"Cd38"
"3133",NA,NA,"Itgae"
"3134",NA,NA,"4933416I08Rik"
"3135",NA,NA,"Adat2"
"3136",NA,NA,"Gorasp1"
"3137",NA,NA,"H4c14"
"3138",NA,NA,"Dpm1"
"3139",NA,NA,"Zfp579"
"3140",NA,NA,"Tmem14a"
"3141",NA,NA,"Il1rn"
"3142",NA,NA,"Tns2"
"3143",NA,NA,"Trav14-1"
"3144",NA,NA,"Thbs1"
"3145",NA,NA,"Map7"
"3146",NA,NA,"Plxna3"
"3147",NA,NA,"Dnajc6"
"3148",NA,NA,"Icosl"
"3149",NA,NA,"Cr2"
"3150",NA,NA,"Cenpv"
"3151",NA,NA,"Nr1h3"
"3152",NA,NA,"Cenpl"
"3153",NA,NA,"Gna15"
"3154",NA,NA,"Immp2l"
"3155",NA,NA,"Fbxo5"
"3156",NA,NA,"Tarbp1"
"3157",NA,NA,"B430306N03Rik"
"3158",NA,NA,"Fgfrl1"
"3159",NA,NA,"Klrg1"
"3160",NA,NA,"Cyp39a1"
"3161",NA,NA,"Mrtfb"
"3162",NA,NA,"Mmp14"
"3163",NA,NA,"Camk2n2"
"3164",NA,NA,"Lhfp"
"3165",NA,NA,"Qpct"
"3166",NA,NA,"Cfap74"
"3167",NA,NA,"Sh3gl3"
"3168",NA,NA,"Cyp2d22"
"3169",NA,NA,"Clec4d"
"3170",NA,NA,"Pbx2"
"3171",NA,NA,"Zmat1"
"3172",NA,NA,"Crabp2"
"3173",NA,NA,"Tfr2"
"3174",NA,NA,"Dlg3"
"3175",NA,NA,"Gas2l1"
"3176",NA,NA,"Ccnj"
"3177",NA,NA,"Rttn"
"3178",NA,NA,"Enthd1"
"3179",NA,NA,"Ifit3"
"3180",NA,NA,"Rnf135"
"3181",NA,NA,"Nek3"
"3182",NA,NA,"Dcaf6"
"3183",NA,NA,"Ifit1"
"3184",NA,NA,"Rufy3"
"3185",NA,NA,"Kmo"
"3186",NA,NA,"Gpsm2"
"3187",NA,NA,"Mmp10"
"3188",NA,NA,"Cibar1"
"3189",NA,NA,"Cd302"
"3190",NA,NA,"Ifit3b"
"3191",NA,NA,"Dynlt1c"
"3192",NA,NA,"Zfp937"
"3193",NA,NA,"Snx29"
"3194",NA,NA,"Nuak2"
"3195",NA,NA,"Hc"
"3196",NA,NA,"Cep131"
"3197",NA,NA,"AI182371"
"3198",NA,NA,"Cd200r3"
"3199",NA,NA,"Trav4-4-dv10"
"3200",NA,NA,"Metrnl"
"3201",NA,NA,"Sowahc"
"3202",NA,NA,"Zfp202"
"3203",NA,NA,"Csgalnact1"
"3204",NA,NA,"Trmt44"
"3205",NA,NA,"Ppp1r3f"
"3206",NA,NA,"Apobr"
"3207",NA,NA,"Zfp268"
"3208",NA,NA,"Slc25a47"
"3209",NA,NA,"Tyw3"
"3210",NA,NA,"Mctp2"
"3211",NA,NA,"Sord"
"3212",NA,NA,"Pnck"
"3213",NA,NA,"Hey1"
"3214",NA,NA,"Naa80"
"3215",NA,NA,"Klra4"
"3216",NA,NA,"Cstpp1"
"3217",NA,NA,"Ppm1k"
"3218",NA,NA,"Havcr2"
"3219",NA,NA,"H3c6"
"3220",NA,NA,"Phpt1"
"3221",NA,NA,"Rps6ka2"
"3222",NA,NA,"Rell1"
"3223",NA,NA,"Hes1"
"3224",NA,NA,"Pla2g15"
"3225",NA,NA,"She"
"3226",NA,NA,"Alg10b"
"3227",NA,NA,"Luzp1"
"3228",NA,NA,"Heatr5a"
"3229",NA,NA,"Myh10"
"3230",NA,NA,"Mgll"
"3231",NA,NA,"Kbtbd8"
"3232",NA,NA,"Rpgrip1"
"3233",NA,NA,"Anxa11"
"3234",NA,NA,"Ppp1r13l"
"3235",NA,NA,"Ttc21b"
"3236",NA,NA,"Trip6"
"3237",NA,NA,"Cttn"
"3238",NA,NA,"Dnajb5"
"3239",NA,NA,"BC035044"
"3240",NA,NA,"Cd46"
"3241",NA,NA,"Kctd1"
"3242",NA,NA,"Pmaip1"
"3243",NA,NA,"Rasl11a"
"3244",NA,NA,"Lyn"
"3245",NA,NA,"Tubal3"
"3246",NA,NA,"Katnal1"
"3247",NA,NA,"Ralgds"
"3248",NA,NA,"Oas3"
"3249",NA,NA,"Carm1"
"3250",NA,NA,"Eps8l1"
"3251",NA,NA,"Trgv2"
"3252",NA,NA,"Snx32"
"3253",NA,NA,"Aqp3"
"3254",NA,NA,"Ccdc141"
"3255",NA,NA,"Spdl1"
"3256",NA,NA,"Oas1b"
"3257",NA,NA,"Akt3"
"3258",NA,NA,"Ccdc57"
"3259",NA,NA,"Ms4a6c"
"3260",NA,NA,"Pak4"
"3261",NA,NA,"Tlr2"
"3262",NA,NA,"Atf6"
"3263",NA,NA,"Cd40"
"3264",NA,NA,"Plekhg5"
"3265",NA,NA,"Fbxw10"
"3266",NA,NA,"Kif18a"
"3267",NA,NA,"Nxt2"
"3268",NA,NA,"Rftn2"
"3269",NA,NA,"Xkr5"
"3270",NA,NA,"Samd11"
"3271",NA,NA,"Axin2"
"3272",NA,NA,"Hsf2bp"
"3273",NA,NA,"Zfp810"
"3274",NA,NA,"B4galnt4"
"3275",NA,NA,"Il4i1"
"3276",NA,NA,"Oas2"
"3277",NA,NA,"Tifa"
"3278",NA,NA,"Kif22"
"3279",NA,NA,"Zfp773"
"3280",NA,NA,"Fam122b"
"3281",NA,NA,"Nebl"
"3282",NA,NA,"Hyal3"
"3283",NA,NA,"Ccdc112"
"3284",NA,NA,"Rab11fip5"
"3285",NA,NA,"Optn"
"3286",NA,NA,"Eid3"
"3287",NA,NA,"Cpeb4"
"3288",NA,NA,"Myo7a"
"3289",NA,NA,"Spc24"
"3290",NA,NA,"Rom1"
"3291",NA,NA,"Cep128"
"3292",NA,NA,"Stxbp4"
"3293",NA,NA,"Tmem177"
"3294",NA,NA,"Dag1"
"3295",NA,NA,"H4c17"
"3296",NA,NA,"Lag3"
"3297",NA,NA,"Dok3"
"3298",NA,NA,"Rtl10"
"3299",NA,NA,"H2-Aa"
"3300",NA,NA,"Calhm2"
"3301",NA,NA,"Rsph1"
"3302",NA,NA,"Art5"
"3303",NA,NA,"Smagp"
"3304",NA,NA,"Slc2a9"
"3305",NA,NA,"Fkbp11"
"3306",NA,NA,"Kif13a"
"3307",NA,NA,"Grik5"
"3308",NA,NA,"Tmem205"
"3309",NA,NA,"Tmem198b"
"3310",NA,NA,"Nubpl"
"3311",NA,NA,"Ankle1"
"3312",NA,NA,"Trpm2"
"3313",NA,NA,"Pdzd2"
"3314",NA,NA,"Ccdc116"
"3315",NA,NA,"Zfp658"
"3316",NA,NA,"Gatm"
"3317",NA,NA,"Rasgef1b"
"3318",NA,NA,"Dedd"
"3319",NA,NA,"Dtl"
"3320",NA,NA,"Ddc"
"3321",NA,NA,"Klrb1c"
"3322",NA,NA,"Erp27"
"3323",NA,NA,"Fhl2"
"3324",NA,NA,"Pifo"
"3325",NA,NA,"2810021J22Rik"
"3326",NA,NA,"Itga9"
"3327",NA,NA,"Clec4e"
"3328",NA,NA,"Tmem86b"
"3329",NA,NA,"Lcn4"
"3330",NA,NA,"Hcar2"
"3331",NA,NA,"Traj37"
"3332",NA,NA,"Mcoln2"
"3333",NA,NA,"H4c8"
"3334",NA,NA,"Fam110b"
"3335",NA,NA,"Gm10053"
"3336",NA,NA,"Alox5ap"
"3337",NA,NA,"Gas2"
"3338",NA,NA,"Pex11a"
"3339",NA,NA,"Tbc1d32"
"3340",NA,NA,"Ptrh1"
"3341",NA,NA,"Arsg"
"3342",NA,NA,"Usp54"
"3343",NA,NA,"Thg1l"
"3344",NA,NA,"Fam241b"
"3345",NA,NA,"Atg4c"
"3346",NA,NA,"H1f1"
"3347",NA,NA,"Foxo4"
"3348",NA,NA,"Slc16a2"
"3349",NA,NA,"Efhc1"
"3350",NA,NA,"Rapgef5"
"3351",NA,NA,"Col23a1"
"3352",NA,NA,"Npnt"
"3353",NA,NA,"Oasl2"
"3354",NA,NA,"Cd200r4"
"3355",NA,NA,"Rdh5"
"3356",NA,NA,"Lancl3"
"3357",NA,NA,"Slc38a6"
"3358",NA,NA,"Prr7"
"3359",NA,NA,"Pak1"
"3360",NA,NA,"Septin4"
"3361",NA,NA,"Trbd2"
"3362",NA,NA,"H2-Eb1"
"3363",NA,NA,"Trav4-3"
"3364",NA,NA,"Nme2"
"3365",NA,NA,"Zscan2"
"3366",NA,NA,"Clec11a"
"3367",NA,NA,"Tkfc"
"3368",NA,NA,"Slamf8"
"3369",NA,NA,"B3gnt8"
"3370",NA,NA,"Adap2"
"3371",NA,NA,"Epx"
"3372",NA,NA,"Lamc2"
"3373",NA,NA,"Zfp661"
"3374",NA,NA,"Igkv3-10"
"3375",NA,NA,"Fggy"
"3376",NA,NA,"2610318N02Rik"
"3377",NA,NA,"Siglecg"
"3378",NA,NA,"Stx3"
"3379",NA,NA,"Areg"
"3380",NA,NA,"Zbtb18"
"3381",NA,NA,"Mapre3"
"3382",NA,NA,"Myo1d"
"3383",NA,NA,"Utf1"
"3384",NA,NA,"Brd3os"
"3385",NA,NA,"Cnnm2"
"3386",NA,NA,"Rbm44"
"3387",NA,NA,"Nup210l"
"3388",NA,NA,"Kctd14"
"3389",NA,NA,"9930022D16Rik"
"3390",NA,NA,"Zc3h11a"
"3391",NA,NA,"B3gnt5"
"3392",NA,NA,"F13a1"
"3393",NA,NA,"C1qtnf12"
"3394",NA,NA,"Brca1"
"3395",NA,NA,"Grm6"
"3396",NA,NA,"Pclaf"
"3397",NA,NA,"Ccna2"
"3398",NA,NA,"Dock5"
"3399",NA,NA,"Slc25a27"
"3400",NA,NA,"Vwa3b"
"3401",NA,NA,"Zmat3"
"3402",NA,NA,"Blnk"
"3403",NA,NA,"Pou3f1"
"3404",NA,NA,"H2bc8"
"3405",NA,NA,"Prlr"
"3406",NA,NA,"Tert"
"3407",NA,NA,"Cfap20dc"
"3408",NA,NA,"Rad51c"
"3409",NA,NA,"Glis3"
"3410",NA,NA,"Nt5dc3"
"3411",NA,NA,"Il11ra1"
"3412",NA,NA,"A430033K04Rik"
"3413",NA,NA,"Kcnip3"
"3414",NA,NA,"Fgr"
"3415",NA,NA,"Fcgr4"
"3416",NA,NA,"Cd244a"
"3417",NA,NA,"Sulf2"
"3418",NA,NA,"Garin1a"
"3419",NA,NA,"H60b"
"3420",NA,NA,"Per2"
"3421",NA,NA,"Tubb4a"
"3422",NA,NA,"Tes3-ps"
"3423",NA,NA,"2510009E07Rik"
"3424",NA,NA,"Jade3"
"3425",NA,NA,"Syt3"
"3426",NA,NA,"Agrn"
"3427",NA,NA,"Srgap3"
"3428",NA,NA,"Ccpg1"
"3429",NA,NA,"Rfx8"
"3430",NA,NA,"Syk"
"3431",NA,NA,"Rhoc"
"3432",NA,NA,"Tmem231"
"3433",NA,NA,"Nav1"
"3434",NA,NA,"Car1"
"3435",NA,NA,"Exoc3l"
"3436",NA,NA,"Zdhhc14"
"3437",NA,NA,"Lrp12"
"3438",NA,NA,"Entpd1"
"3439",NA,NA,"Snta1"
"3440",NA,NA,"Ccdc162"
"3441",NA,NA,"Spon1"
"3442",NA,NA,"Calca"
"3443",NA,NA,"Kif4"
"3444",NA,NA,"Scd1"
"3445",NA,NA,"Prkce"
"3446",NA,NA,"Wdr90"
"3447",NA,NA,"Esr1"
"3448",NA,NA,"Opn3"
"3449",NA,NA,"Enkd1"
"3450",NA,NA,"Ppm1n"
"3451",NA,NA,"Gpx7"
"3452",NA,NA,"Fhod1"
"3453",NA,NA,"Rsad2"
"3454",NA,NA,"Ccno"
"3455",NA,NA,"Gpd1"
"3456",NA,NA,"Tubb1"
"3457",NA,NA,"Ccr5"
"3458",NA,NA,"Patl2"
"3459",NA,NA,"Adgrd1"
"3460",NA,NA,"Padi4"
"3461",NA,NA,"Snx31"
"3462",NA,NA,"Klrb1a"
"3463",NA,NA,"Ccn4"
"3464",NA,NA,"Art4"
"3465",NA,NA,"H3c11"
"3466",NA,NA,"Kifc5b"
"3467",NA,NA,"Slc4a11"
"3468",NA,NA,"Sdc1"
"3469",NA,NA,"Wipi1"
"3470",NA,NA,"Mcrip2"
"3471",NA,NA,"Gbp11"
"3472",NA,NA,"Tgm1"
"3473",NA,NA,"Syp"
"3474",NA,NA,"Amigo1"
"3475",NA,NA,"S1pr5"
"3476",NA,NA,"Cdca3"
"3477",NA,NA,"Bcl11a"
"3478",NA,NA,"Dclk2"
"3479",NA,NA,"Nmnat2"
"3480",NA,NA,"Lrrc56"
"3481",NA,NA,"Car12"
"3482",NA,NA,"C2"
"3483",NA,NA,"Eri2"
"3484",NA,NA,"Ak7"
"3485",NA,NA,"Dcst1"
"3486",NA,NA,"Sardh"
"3487",NA,NA,"Mef2c"
"3488",NA,NA,"Adora2b"
"3489",NA,NA,"Slc39a1"
"3490",NA,NA,"Rprd1a"
"3491",NA,NA,"Cdkn3"
"3492",NA,NA,"Ltbr"
"3493",NA,NA,"Pex26"
"3494",NA,NA,"Wfdc17"
"3495",NA,NA,"Mmp11"
"3496",NA,NA,"Zcchc12"
"3497",NA,NA,"Gzmb"
"3498",NA,NA,"Fes"
"3499",NA,NA,"Bcorl1"
"3500",NA,NA,"Aebp1"
"3501",NA,NA,"Efcab2"
"3502",NA,NA,"Trdv2-2"
"3503",NA,NA,"Tecpr2"
"3504",NA,NA,"Tmbim1"
"3505",NA,NA,"Snx30"
"3506",NA,NA,"Plcb4"
"3507",NA,NA,"Ighg2b"
"3508",NA,NA,"Abcb6"
"3509",NA,NA,"Igkv19-93"
"3510",NA,NA,"Arhgef9"
"3511",NA,NA,"Btf3l4b"
"3512",NA,NA,"Wee1"
"3513",NA,NA,"Knstrn"
"3514",NA,NA,"Nectin4"
"3515",NA,NA,"Usp50"
"3516",NA,NA,"Apol10b"
"3517",NA,NA,"Orc1"
"3518",NA,NA,"Mcc"
"3519",NA,NA,"Susd2"
"3520",NA,NA,"Spaca1"
"3521",NA,NA,"Ms4a4a"
"3522",NA,NA,"Igkv14-126"
"3523",NA,NA,"Zc3h6"
"3524",NA,NA,"Tnni3"
"3525",NA,NA,"Elane"
"3526",NA,NA,"Gm4951"
"3527",NA,NA,"Pxmp2"
"3528",NA,NA,"Dip2a"
"3529",NA,NA,"Ect2"
"3530",NA,NA,"Asph"
"3531",NA,NA,"Trgc2"
"3532",NA,NA,"Syne3"
"3533",NA,NA,"Ly6i"
"3534",NA,NA,"Lrrc6"
"3535",NA,NA,"Zfhx2"
"3536",NA,NA,"Mterf1a"
"3537",NA,NA,"Arsk"
"3538",NA,NA,"Itsn1"
"3539",NA,NA,"Fbxl9"
"3540",NA,NA,"Tmem221"
"3541",NA,NA,"Naip5"
"3542",NA,NA,"Gad2"
"3543",NA,NA,"Kifc3"
"3544",NA,NA,"Cacnb3"
"3545",NA,NA,"Alg6"
"3546",NA,NA,"Socs5"
"3547",NA,NA,"Cxcl16"
"3548",NA,NA,"Msrb1"
"3549",NA,NA,"Nup62cl"
"3550",NA,NA,"Mbd5"
"3551",NA,NA,"Rbm12b2"
"3552",NA,NA,"Tnfsf10"
"3553",NA,NA,"Tmem255a"
"3554",NA,NA,"Fndc4"
"3555",NA,NA,"I830077J02Rik"
"3556",NA,NA,"Tceal3"
"3557",NA,NA,"Igkv8-30"
"3558",NA,NA,"Lynx1"
"3559",NA,NA,"Depdc1b"
"3560",NA,NA,"Prc1"
"3561",NA,NA,"Nod2"
"3562",NA,NA,"Atrnl1"
"3563",NA,NA,"Gm14295"
"3564",NA,NA,"Traj39"
"3565",NA,NA,"Ly6d"
"3566",NA,NA,"Iglc1"
"3567",NA,NA,"Jag1"
"3568",NA,NA,"Cmc4"
"3569",NA,NA,"Lama5"
"3570",NA,NA,"Igkv16-104"
"3571",NA,NA,"Ptgfrn"
"3572",NA,NA,"Kbtbd7"
"3573",NA,NA,"Col14a1"
"3574",NA,NA,"Zfp367"
"3575",NA,NA,"Cd79b"
"3576",NA,NA,"Ighv5-17"
"3577",NA,NA,"Wdfy4"
"3578",NA,NA,"Cnbd2"
"3579",NA,NA,"Tyro3"
"3580",NA,NA,"Mrnip"
"3581",NA,NA,"Ms4a1"
"3582",NA,NA,"Atp6v0d2"
"3583",NA,NA,"Tmem170"
"3584",NA,NA,"Troap"
"3585",NA,NA,"Haao"
"3586",NA,NA,"Itgam"
"3587",NA,NA,"Cass4"
"3588",NA,NA,"Lipt1"
"3589",NA,NA,"Mboat4"
"3590",NA,NA,"Fzd3"
"3591",NA,NA,"Uchl4"
"3592",NA,NA,"Farp1"
"3593",NA,NA,"Zbtb26"
"3594",NA,NA,"Srsf12"
"3595",NA,NA,"Prokr1"
"3596",NA,NA,"Camk1"
"3597",NA,NA,"Lonrf3"
"3598",NA,NA,"Slc16a10"
"3599",NA,NA,"P4ha2"
"3600",NA,NA,"Hmga1b"
"3601",NA,NA,"Fbxo47"
"3602",NA,NA,"Mitf"
"3603",NA,NA,"Bcr"
"3604",NA,NA,"Mfsd4b4"
"3605",NA,NA,"Ckap2l"
"3606",NA,NA,"Il12a"
"3607",NA,NA,"Prkar2b"
"3608",NA,NA,"Grk4"
"3609",NA,NA,"H4c18"
"3610",NA,NA,"Glt8d2"
"3611",NA,NA,"Siglecf"
"3612",NA,NA,"Zgrf1"
"3613",NA,NA,"Dleu7"
"3614",NA,NA,"BC024978"
"3615",NA,NA,"Shf"
"3616",NA,NA,"Ifi44"
"3617",NA,NA,"Eml1"
"3618",NA,NA,"Fnip2"
"3619",NA,NA,"Pnma8c"
"3620",NA,NA,"6430550D23Rik"
"3621",NA,NA,"Vangl2"
"3622",NA,NA,"Alox5"
"3623",NA,NA,"Ctif"
"3624",NA,NA,"Zfp456"
"3625",NA,NA,"Gprin3"
"3626",NA,NA,"Ska1"
"3627",NA,NA,"Eif3j2"
"3628",NA,NA,"Csf1"
"3629",NA,NA,"Tmem163"
"3630",NA,NA,"Nrip3"
"3631",NA,NA,"Mmp9"
"3632",NA,NA,"Procr"
"3633",NA,NA,"Naip2"
"3634",NA,NA,"Acot1"
"3635",NA,NA,"Abhd15"
"3636",NA,NA,"Pam16l"
"3637",NA,NA,"Ctdspl"
"3638",NA,NA,"Atf5"
"3639",NA,NA,"Lmntd2"
"3640",NA,NA,"Gjd3"
"3641",NA,NA,"Cchcr1"
"3642",NA,NA,"Spib"
"3643",NA,NA,"Bag2"
"3644",NA,NA,"Fzd9"
"3645",NA,NA,"Aldh3b1"
"3646",NA,NA,"Bmf"
"3647",NA,NA,"Rhoq"
"3648",NA,NA,"Iglv1"
"3649",NA,NA,"Xk"
"3650",NA,NA,"Dnaaf2"
"3651",NA,NA,"Rd3"
"3652",NA,NA,"Bbs10"
"3653",NA,NA,"Gm3636"
"3654",NA,NA,"Zfp473"
"3655",NA,NA,"Rem2"
"3656",NA,NA,"Tnfsf9"
"3657",NA,NA,"Atg9b"
"3658",NA,NA,"Mzb1"
"3659",NA,NA,"Ntrk1"
"3660",NA,NA,"Bivm"
"3661",NA,NA,"Mctp1"
"3662",NA,NA,"Synj2"
"3663",NA,NA,"Sgo2a"
"3664",NA,NA,"Nudt17"
"3665",NA,NA,"Slc27a3"
"3666",NA,NA,"Jmjd7"
"3667",NA,NA,"Lmln"
"3668",NA,NA,"Tbc1d24"
"3669",NA,NA,"Flt3"
"3670",NA,NA,"Ciita"
"3671",NA,NA,"Serpina3f"
"3672",NA,NA,"H2ac13"
"3673",NA,NA,"Matn2"
"3674",NA,NA,"Dbndd2"
"3675",NA,NA,"Stil"
"3676",NA,NA,"Kiss1r"
"3677",NA,NA,"Lrrn3"
"3678",NA,NA,"Ighv5-9"
"3679",NA,NA,"Reep1"
"3680",NA,NA,"Ehd2"
"3681",NA,NA,"Dock4"
"3682",NA,NA,"Pkhd1l1"
"3683",NA,NA,"Ripply3"
"3684",NA,NA,"Bcl2a1c"
"3685",NA,NA,"Zfp974"
"3686",NA,NA,"Ttll9"
"3687",NA,NA,"Tex15"
"3688",NA,NA,"Vcpkmt"
"3689",NA,NA,"Tcf7l2"
"3690",NA,NA,"Cobll1"
