"","HarVsNoHar5h_unique","NoHar5hVsNaive_unique","HarVsNoHar5h_NoHar5hVsNaive_intersection"
"1","Ccnl2","Myc","Gbp9"
"2","Trib2","Klf2","Phgdh"
"3","Ccar1","Klf6","Insig1"
"4","Uimc1","Lef1","Creld2"
"5","Pdia3","Txnip","Cdh23"
"6","Srsf3","Irf8","Rnf213"
"7","Cog8","Tcf7","Tnfrsf9"
"8","Tuba1b","Map2k3","Marcksl1"
"9","Pdia4","Shmt2","Cd320"
"10","Helz2","Ppp1r15a","Septin11"
"11","Ranbp2","Tsc22d3","Arrdc1"
"12","Tecr","Cyp51","Hook2"
"13","Kctd13","Srm","Gbp4"
"14","Ankrd12","Dusp10","Fpgs"
"15","Cstf3","Lsp1","Tagln2"
"16","Ccnt2","Itgb7","Plp2"
"17","Ndrg3","Il2ra","Mad2l2"
"18","Pdlim1","Ltb","Cltb"
"19","Hnrnpa3","Pnrc1","Pstpip1"
"20","Lpcat4","Psat1","Sting1"
"21","Abhd12","Sp100","Med14"
"22","Acat1","S1pr1","Itpkb"
"23","Acot7","Txnrd1","Pycr1"
"24","Resf1","Tars","Dhcr24"
"25","Capg","Rac2","Igfbp4"
"26","Whamm","Arhgap45","Ccl4"
"27","Mxd1","Jun","Uap1"
"28","Med1","Pmepa1","Erg28"
"29","Trpm7","M6pr","Twf2"
"30","Spag9","Nars","Rnf157"
"31","Nsdhl","Junb","Nefh"
"32","Wdr48","Rnf149","Tmem41a"
"33","Uhrf2","Slamf1","Foxk1"
"34","Pspc1","Tnfaip3","Herc1"
"35","Dhx40","Cnn2","Tle6"
"36","Tm9sf4","Gars","Idh2"
"37","Asah1","Frat2","Dock2"
"38","Yif1b","Ripor2","Pttg1"
"39","Tpi1","Ccr8","Gzmb"
"40","Tbcb","Zfp52","Tgfbi"
"41","Spg7","Anxa6","Serpinb6a"
"42","Tut7","Clk1","Pmvk"
"43","Vps11","Emp3","Gsn"
"44","Rrad","Adgre5","Esyt1"
"45","Atg16l1","Rrp1b","2610318N02Rik"
"46","Fkbp2","Gramd3","Ttll1"
"47","Isoc1","Mthfd2","Arhgap9"
"48","Sap130","Tspan32","Rbm15"
"49","Eci1","Dgka","Man2a2"
"50","Ppt1","Eif3c","Atp23"
"51","Ilvbl","Tnfrsf4","Pex6"
"52","Garin3","Odc1","Cby1"
"53","Ahcyl2","Evl","Dtnb"
"54","Sptssa","Fyb","Vps37b"
"55","Glipr2","Rcsd1","Cd52"
"56","Tpgs2","Mat2a","Tbc1d10c"
"57","Ube2e3","Shmt1","Psen2"
"58","1700037H04Rik","Cars","AI854703"
"59","Aff1","Hspa9","Anapc11"
"60","Rftn1","Psmd1","Chchd10"
"61","Flot1","Yars","Sh3glb2"
"62","Igf1r","Jakmip1","Anxa5"
"63","Cr1l","Saraf","Tmem39b"
"64","Tmem126a","Slc19a1","Mboat1"
"65","Nipsnap1","Gfi1","Akr1c18"
"66","Kansl3","Sars","Cyp20a1"
"67","Ambra1","Eif5a","Zbtb20"
"68","Klhl26","Cd96","Papss1"
"69","Nit2","Klf3","Chac1"
"70","Alad","Psme3","Gm2a"
"71","Sec16a","Cnp","Lgals7"
"72","Syt11","Noc4l","Sigirr"
"73","Ubxn11","Pkm","Crabp2"
"74","Ntan1","Gnai2","Plcxd2"
"75","Tmem19","Dusp1","Slc25a35"
"76","Coq7","Ncl","Idi1"
"77","Nudt1","Egr2","Dhrs7"
"78","Net1","Ly6a","Ncs1"
"79","Gcn1","Nolc1","Dgat2"
"80","Rnh1","Orai1","Bcat2"
"81","Siva1","Rgs2","Ttll4"
"82","Slc35a2","Dkc1","Kctd2"
"83","Snx15","Acp5","Dctd"
"84","Mapk8ip3","Ruvbl2","Zfp871"
"85","Trim24","Ets1","Dnph1"
"86","Sfxn2","Entrep3","Cars2"
"87","B3galnt2","Otulinl","Crebrf"
"88","Ldhb","Crlf3","Ccs"
"89","Ebpl","Nop16","Parp9"
"90","Ckb","G3bp1","Pdxk"
"91","Cyb561d2","Elf1","Egfl7"
"92","Scpep1","Tomm40","Zswim7"
"93","Ears2","Nr4a2","Zfp687"
"94","Usp11","Prkd2","Carf"
"95","Gmppa","4930523C07Rik","Nup210l"
"96","Acy1","Cct3","Tcta"
"97","Cln5","Add3","Pitpnm1"
"98","Stard3nl","Arhgap15","Rps6ka1"
"99","Il6st","Rpn1","Gins2"
"100","Pyurf","Ctsd","Lasp1"
"101","Dynlt2b","Nop2","Fyco1"
"102","Cln3","Bin2","Gstm1"
"103","Dut","Cct5","Plekhg2"
"104","Hddc2","Pa2g4","Smim36"
"105","Ppil3","Sqle","Slc18a2"
"106","Chpf2","Eif6","Sfxn3"
"107","Stap1","Ccnd3","Tmem238"
"108","Kdm5c","Cited2","Sgk3"
"109","Atr","Fubp1","Brms1l"
"110","Rdh12","Nabp1","Tcf3"
"111","Crybg2","Ran","Cd177"
"112","Ptpn4","Irs2","Spin2c"
"113","Zfp512b","Ddx5","Gm4951"
"114","Avpi1","Maf1","Dennd1c"
"115","Rint1","Pdk1","Ppm1m"
"116","Atrip","Eprs","9130023H24Rik"
"117","Fbxw5","Slc29a1","Gcdh"
"118","Trappc1","Pdcd4","Ptpmt1"
"119","Bbln","Socs1","Tube1"
"120","Rcan1","Stx6","Klc3"
"121","Tada3","Slc1a5","Mxd4"
"122","AW554918","Utp4","Haus8"
"123","Dync2h1","Relb","Decr2"
"124","Katnip","Ypel3","Car12"
"125","Zkscan1","Hif1a","Sox4"
"126","Enpp4","Selenop","Dhcr7"
"127","Mrps16","Zc3hav1","Maoa"
"128","Dcaf4","Cd4","Smpd1"
"129","Cfl2","Tubb4b","Gm20696"
"130","Gaa","Ldha","Epcam"
"131","Lamb3","St6galnac4","Il12rb1"
"132","Cst7","Tle5","Ncmap"
"133","Scrn2","Cbx4","Pan3"
"134","Zfp40","Eif4e","Acvrl1"
"135","Gnb1l","Rcl1","Ncf4"
"136","Mcur1","Tuba1c","Dhrs13"
"137","Mcub","Rnf167","Phf11b"
"138","Pmm1","Ppa1","Syce2"
"139","Zfp688","Ccr7","Hmbox1"
"140","Sergef","Prmt1","Habp4"
"141","Daglb","Cct6a","Plin3"
"142","S1pr2","Tcp11l2","Neil1"
"143","Ctnnbip1","Ppan","P2rx7"
"144","Clcn7","Fos","Pde1b"
"145","Zbtb40","Tecpr1","Tesc"
"146","Zfp276","Bysl","Galnt12"
"147","Usp19","Il7r","Card6"
"148","Amn1","Stk17b","Eif5a2"
"149","Cryzl1","Grap","Cdin1"
"150","Amdhd2","Rcc1","Hsf2bp"
"151","Mthfr","Pes1","Pstk"
"152","Rbm47","Nfkb1","Evi2a"
"153","Ndufaf7","Ifi213","Selenoh"
"154","Zfp580","Celf2","Nme6"
"155","Dhrs1","Ddx39a","Ier3"
"156","Gemin2","Lars","Vamp5"
"157","Igsf8","Samsn1","Chst10"
"158","Gstm4","C1qbp","Cryl1"
"159","Msra","Atad3a","Npw"
"160","Idh1","Abcf2","Tha1"
"161","Gtf2a1","Mrps6","Raet1d"
"162","Cep78","Lpxn","Timp2"
"163","Kyat1","Shisa5","Treml4"
"164","Zfp407","Rpl7l1","Rnaset2b"
"165","Abcb8","Sash3","Pcbd2"
"166","Arxes2","Dock8","Gpd1l"
"167","Tmem256","Irf1","Hid1"
"168","Mpp7","Gimap6","Cdh24"
"169","Cpne2","Septin1","Gm28053"
"170","St3gal5","Rhof","Zc4h2"
"171","Prdx4","Ddx56","Chst12"
"172","Ypel2","Ttc39b","Dennd4c"
"173","Pctp","Kpna2","Glmn"
"174","Ccl3","Map4k2","Ribc1"
"175","Carhsp1","Aopep","Atp6v0a1"
"176","Lratd2","Adcy7","Eogt"
"177","Lhpp","Eif3l","Tmem141"
"178","Abhd5","Irf4","Serf1"
"179","Ggh","Gspt1","Sec22c"
"180","Lcmt1","Tcp1","Nrn1"
"181","Haus1","Slc28a2","Zfp850"
"182","Erc1","Malt1","Anp32a"
"183","Adora2a","Gcsh","Ndrg2"
"184","Tfeb","Tspo","Tmem17"
"185","Pafah1b3","Pus7","B3glct"
"186","Maged2","Nifk","Rusc1"
"187","Tbc1d19","Psma5","Klhl24"
"188","Fancb","Acap1","Ankzf1"
"189","Ppp1r37","Arhgef1","Nemp2"
"190","Gpatch11","Smyd5","Acot2"
"191","Rfx5","Ccdc88c","St6galnac6"
"192","Fgl2","Pik3r1","Gng2"
"193","Nmnat3","Nhp2","Idua"
"194","Snrnp25","Ddx21","Hadh"
"195","Ddit4","Cct7","Foxred2"
"196","Map3k15","Eif2s1","Tnrc18"
"197","Casc1","Ybx1","Cenpa"
"198","Poc1a","Sell","Zkscan14"
"199","Gm17455","Ruvbl1","Il22"
"200","Abcg2","Cd53","Rhbdd3"
"201","Zdhhc12","Anp32b","Cul9"
"202","Dnajc12","Rasgrp2","Klhl36"
"203","Nfya","Hspd1","Gnb4"
"204","Capn15","Nsun2","H1f2"
"205","Iah1","Esd","AA467197"
"206","Ankrd37","Cdk4","Dtx1"
"207","Il1rap","Arl5c","Zswim4"
"208","Dipk1b","Tob1","Prkab2"
"209","Gprasp2","Pik3ip1","Zfp583"
"210","Slc22a5","Sh3bp5","Man1c1"
"211","Zfp780b","Crip1","Shd"
"212","Gga2","Arrb2","Smim19"
"213","Commd10","Slc3a2","Pipox"
"214","Dnajb14","Ikbke","Zkscan7"
"215","Ids","Lbr","Ephb6"
"216","Gja1","Arhgap4","Ccl22"
"217","Dnah7a","Pdcd1","Rgs14"
"218","Suox","Sh2d2a","Prcp"
"219","Tmtc4","Traf3ip3","Tnfaip8l1"
"220","Tspoap1","Def6","Dnah8"
"221","Fuca2","Kars","Mccc2"
"222","Ckap4","Msmo1","Entpd7"
"223","Cpt2","Gps1","Atp8b4"
"224","Milr1","Phf1","E2f7"
"225","Hibch","Pgam1","Prkra"
"226","Napepld","Zc3h12d","Grhpr"
"227","Pigp","Metap2","Serpini1"
"228","Zfp560","Sik3","Cilk1"
"229","Zfp335","Themis","Magohb"
"230","Mettl21c","Dusp5","Pik3r3"
"231","Mvk","Selplg","Pigw"
"232","Pdpr","Slc38a1","Nudt2"
"233","Kctd9","Sit1","Nutm1"
"234","Angptl6","Als2cl","Fbxl20"
"235","Adam15","Eif3b","Blvrb"
"236","Myl6b","Vim","Flt3l"
"237","Scamp4","Coro1a","Cyb561a3"
"238","Apip","Sh3kbp1","Padi2"
"239","Ly96","Sh3bp1","Asns"
"240","Pde6b","Pla2g12a","Aldh1a2"
"241","Uhrf1","Mrpl17","Bbs9"
"242","Acadsb","Ftsj3","Lhfp"
"243","Rhebl1","Slc7a1","Tmem237"
"244","Pcbp3","Tnfsf8","Ifit3b"
"245","Lca5","Mapkapk3","Trp53i13"
"246","Sytl2","Ptpn1","Slfn4"
"247","Mkks","Ddx1","Inpp4a"
"248","Kctd4","Srgn","Zer1"
"249","Hopx","Cmah","Bmp1"
"250","Def8","Rsrp1","Anxa3"
"251","Cyp4f17","Sema4a","Tcam1"
"252","Mmgt2","Gtf2i","Ehd3"
"253","Traj18","Cd37","Esco2"
"254","Septin8","Stt3a","Tbc1d7"
"255","Ppard","Smc4","Gpnmb"
"256","Abcc4","Tomm70a","Zfp438"
"257","Hmgxb3","Akna","Ccdc63"
"258","Mettl15","Hsd17b12","Npas4"
"259","As3mt","Serbp1","Dhx58"
"260","Bex2","Zfp36l2","Fuz"
"261","Taf9b","Map1lc3b","Hint2"
"262","Slc2a8","Kras","Ppfibp1"
"263","Atxn1l","Kbtbd2","Ednrb"
"264","Ift27","Psmd7","Atg2a"
"265","Aldh1a1","Rbms1","Dock9"
"266","Endog","Scml4","Nqo1"
"267","F3","Psmc5","Marf1"
"268","Dennd3","Mlec","Aldh1b1"
"269","Ap1s2","N4bp2l1","Pdzk1ip1"
"270","Mutyh","Strap","Ifit1bl1"
"271","Ofd1","Nop56","Haus4"
"272","Mta1","Idh3a","Zfp949"
"273","Gm45902","Ppp2r1b","Oasl2"
"274","Zc3h3","Pecam1","Gm49396"
"275","Cdca7l","Il16","Acot13"
"276","Wfikkn2","Hacd3","Traj22"
"277","Cdkl3","Atp1b3","Etfbkmt"
"278","Traj35","Hnrnpll","Kyat3"
"279","Prdm15","Galk1","Unkl"
"280","Garre1","Pum3","Zfp169"
"281","Ptk2","Prdx1","Phyh"
"282","Poglut3","Rrp9","9930111J21Rik2"
"283","Usp46","Ppp1r18","Megf9"
"284","Mmgt1","Kif21b","Mapkbp1"
"285","Zswim3","Rnft1","Cx3cl1"
"286","Ttl","Bop1","Smyd4"
"287","Paqr4","Add1","Ccdc61"
"288","Tmem159","Slc49a4","Utf1"
"289","Btd","Ctps","Dyrk1b"
"290","Or1o4","Cish","Ak7"
"291","Masp2","Dapl1","Rdm1"
"292","Iftap","Grk6","Pak6"
"293","4930579G24Rik","Psap","Rab3a"
"294","Bcar3","Rab8b","Tcn2"
"295","Limk1","Stk10","9930012K11Rik"
"296","Ccdc102a","Cnot11","Lpar3"
"297","Traj17","Umps","Slc23a1"
"298","Hscb","Phb2","Slc28a2b"
"299","Dok4","Samhd1","Zc3hav1l"
"300","B4gat1","Lamp2","Pros1"
"301","Zfp882","Vmp1","Emilin1"
"302","Zbtb32","Dnajb9","Cdo1"
"303","Endod1","Eif4a1","Pou5f2"
"304","Apbb1","Npc2","Zfp865"
"305","Pter","Itpr2","Cask"
"306","Eef2k","Zwint","Il4"
"307","Chpt1","Psmc1","Ccdc74a"
"308","Zfp934","Itga4","Rtn2"
"309","Tlr6","Lipa","Igsf3"
"310","Ggct","Rasa3","Hexb"
"311","Zbtb37","Hmgcs1","Slc4a8"
"312","Ppp1r21","Crem","9930111J21Rik1"
"313","Cdk20","Mrto4","Rnf227"
"314","Xkr8","Cyba","Mmp17"
"315","Traj19","Sgms1","Grn"
"316","Il15","Wdr43","Rhoq"
"317","Wdr47","Cytip","Gm49322"
"318","Pard6b","Ndfip1","Penk"
"319","Magi3","Ptpn22","Myo6"
"320","Mospd2","Cct8","Trp53inp2"
"321","Xkr6","Stip1","Ethe1"
"322","Cmc2","Pde4b","H2-Q2"
"323","Crocc","Chchd4","Sgo1"
"324","Tbccd1","Gpr132","Lzts3"
"325","Snx21","Polr3h","Mboat4"
"326","Fam216a","H2-Q6","Zfp808"
"327","Cep70","Emb","Ssh1"
"328","Ccdc90b","Frmd8","Phldb3"
"329","Zbtb3","Arhgef18","Slpi"
"330","Pcyt1a","Slc16a1","Fam111a"
"331","Crat","Chd3","Zfp975"
"332","Col4a4","Nop58","Slc39a8"
"333","Kctd7","Ubash3b","Cbr3"
"334","Rab11fip4","Per1","1110032A03Rik"
"335","4930563E22Rik","Gata3","Siglece"
"336","Pidd1","Tap1","Cfap410"
"337","Dqx1","Lgals9","Pgap6"
"338","Yae1d1","Grk2","1700010I14Rik"
"339","Mmaa","Wdr75","Ifi30"
"340","Trbj1-5","Nsg2","Pank1"
"341","Traj13","Sesn1","Zswim5"
"342","Wdfy2","Mars1","Anxa1"
"343","Rassf4","Usp3","Spon1"
"344","Ccdc40","Sorl1","Mtfr2"
"345","Flrt3","Noc2l","Podnl1"
"346","1700030K09Rik","Traf5","Clec4e"
"347","Traj50","Stim1","Gldc"
"348","Acsl6","Ranbp10","Oas2"
"349","Lrrc27","Egr1","Trim46"
"350","Aurka","Mfsd2a","Car7"
"351","Gmnn","Hat1","Agfg2"
"352","Gramd1c","Farsb","Stard8"
"353","Anxa4","Pwp1","Cd55"
"354","Dscc1","Fam136a","Scrn3"
"355","Cutc","Pbxip1","Med12l"
"356","Wdr54","Ube2h","Gm12185"
"357","Lpl","Bzw1","Fam221a"
"358","Sema4c","Eif4ebp1","Cyp2d22"
"359","Rpgrip1l","Wdr55","Nacc2"
"360","Tarsl2","S100a10","Apbb2"
"361","Fam89a","Rflnb","Il1b"
"362","Ptrhd1","Hdgf","Henmt1"
"363","Myo1e","Bsg","Zscan25"
"364","Furin","Spry1","Muc1"
"365","Gpr155","Bnip3l","Prxl2c"
"366","Sv2a","Ebna1bp2","Arhgef4"
"367","Traj21","Itm2a","Kifc1"
"368","Fktn","Csrp1","Aldh1l1"
"369","E130311K13Rik","Rpp14","P4htm"
"370","Rnd1","Isy1","Armcx2"
"371","Zfp459","Actn1","Zdhhc15"
"372","Pcbp4","Hbp1","Fhit"
"373","Trbj2-2","Vsir","Pole2"
"374","Eno3","Slain1","Sirpa"
"375","Tspan33","Ankrd44","Arhgap19"
"376","Zfp846","Fbl","Bckdhb"
"377","Lancl2","Sh2d3c","Etv4"
"378","Zfp248","Cct2","Clec4n"
"379","Zfp300","Zfand2a","Mapk3"
"380","Trdmt1","Pik3r5","F2rl2"
"381","Ift88","Zmynd19","4931406C07Rik"
"382","Zfp551","Gltp","Cdan1"
"383","Traj34","Phb","Cacna2d4"
"384","Trbj1-7","Ppp1r14b","Spic"
"385","Cdk5rap2","Timm50","Dhrs3"
"386","Erbb3","Inpp5k","Tmem35b"
"387","Them4","Gpr183","Opn3"
"388","Fibcd1","Grwd1","Ampd3"
"389","Ncf1","Abhd8","Dapk1"
"390","Nenf","Wars1","Trbj2-4"
"391","Rad9b","Ikbkb","Ildr1"
"392","Tfcp2","Gtpbp4","Spdya"
"393","Trpt1","Tnf","Enc1"
"394","Tgm2","Tusc2","Tm7sf3"
"395","Lrrc66","Cyth1","Zfp467"
"396","Mtm1","Elp5","Grk5"
"397","Fam240a","Gnl2","Plin2"
"398","Clec7a","Psph","Marveld1"
"399","Gm12258","Rpf2","Osgin1"
"400","Ccl6","Lmnb1","Cxcl3"
"401","St3gal2","Pdia6","Chn2"
"402","Ovgp1","Dnajb1","Ttyh3"
"403","Traj9","Mfsd5","Fbxo17"
"404","Slc9a7","Stk38","Akap17b"
"405","S100a1","Gpr65","Calcrl"
"406","S100a8","Ppp2r5a","Acyp1"
"407","Lrrc39","Ccng2","Uap1l1"
"408","Bspry","S1pr4","Ccl17"
"409","Rnd2","Rab37","Sema4f"
"410","Marchf3","Klf13","Vav2"
"411","Spata48","Cct4","Ifit1bl2"
"412","Rdh10","Nup93","Pik3r2"
"413","Ephx4","Nsun5","Abcg3"
"414","Gm6169","Metap1","Zcwpw1"
"415","Nmral1","Uba1","Specc1"
"416","Alkbh2","Acsl3","Ngp"
"417","Mtrfr","Naa50","H2bc22"
"418","Cdc45","Pacs1","Uprt"
"419","Lipo3","Por","Pld6"
"420","Soat2","Ivns1abp","Sdr42e1"
"421","Plk1","Ninj1","Arrb1"
"422","Slc37a2","Rrp1","Fcsk"
"423","Crppa","Rbbp7","Pdlim4"
"424","Dna2","Eif1a","Trbj1-1"
"425","Sanbr","Nfkbib","Fzd9"
"426","Sgpp2","Psma4","Lmna"
"427","Sfmbt2","Il27ra","Hyal1"
"428","Wdr38","Jund","Angptl4"
"429","Cep89","Gtf2f1","Ntrk3"
"430","Tram2","Camk2d","Chrnb1"
"431","Scamp1","Slc31a1","Tcf7l2"
"432","Slc16a4","Rrs1","Mgst3"
"433","Wnk4","Ccnl1","Dgkq"
"434","Inka1","Eif4a2","Gbp10"
"435","Abi2","Pgk1","Slc46a1"
"436","Zfp827","Hivep3","Thra"
"437","Cdkl5","Gbp8","Sqor"
"438","Dnal4","Hnrnpab","Klc4"
"439","Chek2","Rasgrp1","E2f8"
"440","Fam131a","Fam210a","Napsa"
"441","Spred3","Gnl1","Ggt5"
"442","Grip2","Arhgef6","Lig4"
"443","Igsf9","Smarca2","Inka2"
"444","Mtrf1","Wdr12","Cth"
"445","Asic1","Chst2","Kcnj10"
"446","Awat2","Cops6","Actn2"
"447","1700109H08Rik","Icos","Zfp964"
"448","Slc22a2","Ccdc117","Pla2g7"
"449","Phlpp2","Elovl1","Card9"
"450","Gnb5","Hsd11b1","Acer2"
"451","Itpripl2","Cd3eap","B3gntl1"
"452","Lgals3","Sik1","Spp1"
"453","Vdr","Abce1","Rab6b"
"454","Trim16","Tdrp","Ypel4"
"455","Nthl1","Syncrip","Abcg1"
"456","Celf3","Rars","Tuba8"
"457","Mcts2","Zbtb21","Enox2"
"458","Ighg3","Il6ra","Trpm4"
"459","Fanca","Cd69","Ociad2"
"460","Ankrd33b","Prkcb","Rarg"
"461","Ces2c","Ghitm","Hbegf"
"462","Tmem121b","Dyrk2","Themis2"
"463","Tssk4","Mthfd1l","Hacd1"
"464","Igkv8-24","Psmc4","Snx30"
"465","Dock6","Rin3","Armcx4"
"466","Gab2","Plec","Itga9"
"467","Dclre1a","Slc9a3r1","Naaladl1"
"468","Glcci1","Gclc","Smpdl3a"
"469","Frs3","Eef1e1","Arsk"
"470","Fndc9","Hp1bp3","Fam174b"
"471","Gp5","Irf2","Hspb6"
"472","Armcx6","Cdc34","Ldlrad3"
"473","Mthfd2l","Ifngr2","Nudt14"
"474","Gtf3c3","Psmd2","Fgd2"
"475","Igf2bp3","Itga6","Dtl"
"476","Renbp","Tnip2","Akr1e1"
"477","Btk","Orai2","Traip"
"478","Cd160","Polr1e","Bik"
"479","Pola1","Ppat","Obp2a"
"480","Epb41l5","Rnf125","Aldh4a1"
"481","Dmac2l","Slc12a7","Clcn5"
"482","Tpmt","Supt4a","Gbp11"
"483","Mss51","Coro7",NA
"484","Plekha8","Tspan3",NA
"485","Pfkfb1","Gmppb",NA
"486","Mpp2","Sipa1",NA
"487","Spx","Slc17a9",NA
"488","Perp","Tmem97",NA
"489","Nat8f1","Psmc2",NA
"490","Zfp607b","Laptm5",NA
"491","Rmdn2","Rab3ip",NA
"492","Kcnk6","Mndal",NA
"493","Vmn2r96","Bcl3",NA
"494","Hemgn","Gramd1a",NA
"495","Tcf7l1","Mettl1",NA
"496","Ttn","Wdr61",NA
"497","Cenpm","Ppp3cc",NA
"498","Atcay","Aars",NA
"499","Tubb2b","Eif2b3",NA
"500","Tmem143","Lap3",NA
"501","Gpr19","Stx11",NA
"502","Hmcn2","Ifrd2",NA
"503","Ctsg","Arhgdib",NA
"504","Ccl9","Tox2",NA
"505","Stc2","Clpp",NA
"506","Muc5b","Agpat5",NA
"507","Pou2af3","Tinf2",NA
"508","Kifap3","Dedd2",NA
"509","Sema6a","Acsl4",NA
"510","Homer3","Hars",NA
"511","Nanos1","Nip7",NA
"512","Tfpi","Slco3a1",NA
"513","Gm14399","Psmb9",NA
"514","Ly6g5b","Capn2",NA
"515","N4bp3","Psma7",NA
"516","Mical2","Gmfg",NA
"517","Slc2a6","Cinp",NA
"518","Nol4l","Gar1",NA
"519","Etv5","Plk3",NA
"520","Dcdc2b","Slc25a20",NA
"521",NA,"Pik3cd",NA
"522",NA,"Hgh1",NA
"523",NA,"Slamf6",NA
"524",NA,"Slc25a5",NA
"525",NA,"Faah",NA
"526",NA,"Sc5d",NA
"527",NA,"Cnppd1",NA
"528",NA,"1110032F04Rik",NA
"529",NA,"Slc10a3",NA
"530",NA,"Eif3d",NA
"531",NA,"Cnih4",NA
"532",NA,"Smim3",NA
"533",NA,"Ranbp1",NA
"534",NA,"Tkt",NA
"535",NA,"Galnt10",NA
"536",NA,"Rere",NA
"537",NA,"Tbx21",NA
"538",NA,"Npm1",NA
"539",NA,"Cd300c2",NA
"540",NA,"Eef1d",NA
"541",NA,"H2az2",NA
"542",NA,"Rassf2",NA
"543",NA,"Fabp5",NA
"544",NA,"Arl6ip5",NA
"545",NA,"Adamts10",NA
"546",NA,"Etf1",NA
"547",NA,"Spout1",NA
"548",NA,"Tbl3",NA
"549",NA,"Gpr83",NA
"550",NA,"Prpf31",NA
"551",NA,"Mif",NA
"552",NA,"Jagn1",NA
"553",NA,"Skap1",NA
"554",NA,"Cd27",NA
"555",NA,"Cdc42se2",NA
"556",NA,"Aimp2",NA
"557",NA,"Ddx18",NA
"558",NA,"Wdr46",NA
"559",NA,"Timm10",NA
"560",NA,"Nob1",NA
"561",NA,"Acss2",NA
"562",NA,"Ldlrap1",NA
"563",NA,"Hmg20a",NA
"564",NA,"Alg3",NA
"565",NA,"Kdelr2",NA
"566",NA,"Hpcal1",NA
"567",NA,"Bid",NA
"568",NA,"Lrrc8c",NA
"569",NA,"Pycard",NA
"570",NA,"Rgl2",NA
"571",NA,"Clptm1l",NA
"572",NA,"Zmynd8",NA
"573",NA,"Tnip1",NA
"574",NA,"Nop14",NA
"575",NA,"Rnf166",NA
"576",NA,"Psmd6",NA
"577",NA,"Stx5a",NA
"578",NA,"Nup62",NA
"579",NA,"Rinl",NA
"580",NA,"Aldoa",NA
"581",NA,"Otud1",NA
"582",NA,"Eif4h",NA
"583",NA,"Ppcdc",NA
"584",NA,"Gnl3",NA
"585",NA,"Ddx27",NA
"586",NA,"Cdca7",NA
"587",NA,"Cdkn2d",NA
"588",NA,"Pcyt2",NA
"589",NA,"Ripk3",NA
"590",NA,"Ppif",NA
"591",NA,"Txn2",NA
"592",NA,"Tm9sf3",NA
"593",NA,"2210016F16Rik",NA
"594",NA,"Utp6",NA
"595",NA,"Card11",NA
"596",NA,"Klhl6",NA
"597",NA,"Tfdp1",NA
"598",NA,"Rcc2",NA
"599",NA,"Set",NA
"600",NA,"Myo1g",NA
"601",NA,"Cirbp",NA
"602",NA,"Hmgb2",NA
"603",NA,"Eif2b5",NA
"604",NA,"Irf7",NA
"605",NA,"Rasal3",NA
"606",NA,"Ntmt1",NA
"607",NA,"Ctu2",NA
"608",NA,"Ltv1",NA
"609",NA,"Ddx28",NA
"610",NA,"Fkbp4",NA
"611",NA,"Jak1",NA
"612",NA,"Glrx3",NA
"613",NA,"Polr1c",NA
"614",NA,"Fdft1",NA
"615",NA,"Srsf2",NA
"616",NA,"Macf1",NA
"617",NA,"Ciapin1",NA
"618",NA,"Pdlim2",NA
"619",NA,"Rigi",NA
"620",NA,"Hspbp1",NA
"621",NA,"Dph2",NA
"622",NA,"Rtn3",NA
"623",NA,"Aen",NA
"624",NA,"Hspa4l",NA
"625",NA,"Snrpb",NA
"626",NA,"Uck2",NA
"627",NA,"Arid1a",NA
"628",NA,"Slc39a6",NA
"629",NA,"Nme1",NA
"630",NA,"P2ry10",NA
"631",NA,"Il21",NA
"632",NA,"Dnajb4",NA
"633",NA,"Tmem71",NA
"634",NA,"Stk4",NA
"635",NA,"Ifi209",NA
"636",NA,"Mrtfa",NA
"637",NA,"Akap8l",NA
"638",NA,"Setx",NA
"639",NA,"Lyar",NA
"640",NA,"Flna",NA
"641",NA,"Cpm",NA
"642",NA,"Cdc16",NA
"643",NA,"Vipr1",NA
"644",NA,"Klhdc3",NA
"645",NA,"Clip1",NA
"646",NA,"Prmt7",NA
"647",NA,"Hspa4",NA
"648",NA,"Treml2",NA
"649",NA,"Rrp8",NA
"650",NA,"Pck2",NA
"651",NA,"Phf5a",NA
"652",NA,"Ssbp3",NA
"653",NA,"Tbc1d1",NA
"654",NA,"Ppid",NA
"655",NA,"Cd247",NA
"656",NA,"Dok2",NA
"657",NA,"Kmt2c",NA
"658",NA,"Ppp1r11",NA
"659",NA,"Stat3",NA
"660",NA,"Got1",NA
"661",NA,"Ddost",NA
"662",NA,"Frmd4b",NA
"663",NA,"Mppe1",NA
"664",NA,"Sdad1",NA
"665",NA,"Csk",NA
"666",NA,"Tgfbr3",NA
"667",NA,"Ift80",NA
"668",NA,"Eea1",NA
"669",NA,"Spata6",NA
"670",NA,"R3hdm4",NA
"671",NA,"P4hb",NA
"672",NA,"Lmbr1l",NA
"673",NA,"Iars",NA
"674",NA,"Clns1a",NA
"675",NA,"Cops7a",NA
"676",NA,"Ssr1",NA
"677",NA,"Crim1",NA
"678",NA,"Sptbn1",NA
"679",NA,"Sat1",NA
"680",NA,"Heatr3",NA
"681",NA,"Klhdc4",NA
"682",NA,"Lgals1",NA
"683",NA,"Ifi203",NA
"684",NA,"Txn1",NA
"685",NA,"Ngly1",NA
"686",NA,"Aldh18a1",NA
"687",NA,"Ssr2",NA
"688",NA,"Impdh2",NA
"689",NA,"St8sia6",NA
"690",NA,"Sh3bp2",NA
"691",NA,"Pja1",NA
"692",NA,"Jpt2",NA
"693",NA,"Ppp3ca",NA
"694",NA,"Tnfaip8",NA
"695",NA,"Heca",NA
"696",NA,"Sh3bgrl3",NA
"697",NA,"Tle4",NA
"698",NA,"Tufm",NA
"699",NA,"Adgre4",NA
"700",NA,"Tmem185b",NA
"701",NA,"Grina",NA
"702",NA,"Slc7a6",NA
"703",NA,"Cd82",NA
"704",NA,"Dck",NA
"705",NA,"Ctps2",NA
"706",NA,"Atp2a3",NA
"707",NA,"Nck2",NA
"708",NA,"Ubl4a",NA
"709",NA,"Nmd3",NA
"710",NA,"Epsti1",NA
"711",NA,"Thumpd3",NA
"712",NA,"Oser1",NA
"713",NA,"Atp5g1",NA
"714",NA,"Tmem147",NA
"715",NA,"Fem1c",NA
"716",NA,"Ywhae",NA
"717",NA,"Smad7",NA
"718",NA,"Srsf9",NA
"719",NA,"Prmt5",NA
"720",NA,"Plcl2",NA
"721",NA,"Wdr77",NA
"722",NA,"Rfx1",NA
"723",NA,"Syngr2",NA
"724",NA,"Mylip",NA
"725",NA,"Pnpla7",NA
"726",NA,"Eif1ax",NA
"727",NA,"Rrp15",NA
"728",NA,"Larp1",NA
"729",NA,"Gpsm3",NA
"730",NA,"Oga",NA
"731",NA,"Utp18",NA
"732",NA,"Slco2b1",NA
"733",NA,"Snrpa",NA
"734",NA,"Slc30a5",NA
"735",NA,"Sigmar1",NA
"736",NA,"Tomm20",NA
"737",NA,"Spop",NA
"738",NA,"Mgat2",NA
"739",NA,"Tfrc",NA
"740",NA,"Eif3g",NA
"741",NA,"Birc2",NA
"742",NA,"Entpd5",NA
"743",NA,"Cse1l",NA
"744",NA,"Thop1",NA
"745",NA,"Ighm",NA
"746",NA,"Tap2",NA
"747",NA,"Ide",NA
"748",NA,"Prep",NA
"749",NA,"Ahsa1",NA
"750",NA,"Cycs",NA
"751",NA,"Uba7",NA
"752",NA,"Hpgd",NA
"753",NA,"Gsk3b",NA
"754",NA,"Psmd11",NA
"755",NA,"Il2rb",NA
"756",NA,"Nfkbid",NA
"757",NA,"Hspa14",NA
"758",NA,"Ipo5",NA
"759",NA,"Cxcr5",NA
"760",NA,"Mthfd1",NA
"761",NA,"Prmt3",NA
"762",NA,"Pin1",NA
"763",NA,"Mbnl1",NA
"764",NA,"Ak2",NA
"765",NA,"Ssbp2",NA
"766",NA,"Rdh11",NA
"767",NA,"Mrpl36",NA
"768",NA,"Morf4l2",NA
"769",NA,"Rbl1",NA
"770",NA,"E2f6",NA
"771",NA,"Slc25a39",NA
"772",NA,"Siah2",NA
"773",NA,"P2ry13",NA
"774",NA,"Sod2",NA
"775",NA,"Lcp1",NA
"776",NA,"Fosl1",NA
"777",NA,"Carns1",NA
"778",NA,"Pkn1",NA
"779",NA,"Gstp1",NA
"780",NA,"Clic4",NA
"781",NA,"Epop",NA
"782",NA,"Ugcg",NA
"783",NA,"Pmpca",NA
"784",NA,"Klhdc2",NA
"785",NA,"Fam78a",NA
"786",NA,"Vamp2",NA
"787",NA,"Tuba1a",NA
"788",NA,"Fchsd2",NA
"789",NA,"Cdkn1a",NA
"790",NA,"Nle1",NA
"791",NA,"Prr14",NA
"792",NA,"Armc7",NA
"793",NA,"Dnajc11",NA
"794",NA,"Hsd17b7",NA
"795",NA,"Mtrr",NA
"796",NA,"Smox",NA
"797",NA,"Spata5",NA
"798",NA,"Rnf19a",NA
"799",NA,"Rbmxl1",NA
"800",NA,"Gclm",NA
"801",NA,"Tmsb10",NA
"802",NA,"Rsl1d1",NA
"803",NA,"Stoml2",NA
"804",NA,"Trappc9",NA
"805",NA,"Uqcrq",NA
"806",NA,"Cd300ld",NA
"807",NA,"Tm2d3",NA
"808",NA,"Ipcef1",NA
"809",NA,"Desi2",NA
"810",NA,"Glrx5",NA
"811",NA,"Mtap",NA
"812",NA,"Psmd12",NA
"813",NA,"Gsr",NA
"814",NA,"H2-T10",NA
"815",NA,"Wdr36",NA
"816",NA,"Map2k6",NA
"817",NA,"Psma3",NA
"818",NA,"Aacs",NA
"819",NA,"Rhoh",NA
"820",NA,"Wdr4",NA
"821",NA,"Lancl1",NA
"822",NA,"Bcat1",NA
"823",NA,"Hdac2",NA
"824",NA,"Eif1ad",NA
"825",NA,"Kpna3",NA
"826",NA,"Abca7",NA
"827",NA,"Memo1",NA
"828",NA,"Dpagt1",NA
"829",NA,"Prpf40a",NA
"830",NA,"Rheb",NA
"831",NA,"Dcaf13",NA
"832",NA,"Cdkn1b",NA
"833",NA,"Lman2",NA
"834",NA,"Actl6a",NA
"835",NA,"Fkbp1a",NA
"836",NA,"Bax",NA
"837",NA,"Ypel5",NA
"838",NA,"Gimap5",NA
"839",NA,"Ranbp9",NA
"840",NA,"Aatf",NA
"841",NA,"Nop9",NA
"842",NA,"Arid5b",NA
"843",NA,"Tent5c",NA
"844",NA,"Psmb5",NA
"845",NA,"Prex1",NA
"846",NA,"Sun2",NA
"847",NA,"H2-Ob",NA
"848",NA,"Cox7a2l",NA
"849",NA,"Mphosph10",NA
"850",NA,"Dpp4",NA
"851",NA,"Ifi208",NA
"852",NA,"Hccs",NA
"853",NA,"Ly6e",NA
"854",NA,"Mgst2",NA
"855",NA,"Rnf103",NA
"856",NA,"Mafg",NA
"857",NA,"Usp14",NA
"858",NA,"Nol8",NA
"859",NA,"Cfap43",NA
"860",NA,"Mbd2",NA
"861",NA,"Adss",NA
"862",NA,"Srsf5",NA
"863",NA,"Ecd",NA
"864",NA,"Fam162a",NA
"865",NA,"Patj",NA
"866",NA,"B3galt6",NA
"867",NA,"Sema7a",NA
"868",NA,"Cd2",NA
"869",NA,"Ndc1",NA
"870",NA,"Ctss",NA
"871",NA,"9530068E07Rik",NA
"872",NA,"H2-DMa",NA
"873",NA,"Hyal2",NA
"874",NA,"Cdk5",NA
"875",NA,"Mapre2",NA
"876",NA,"Zmpste24",NA
"877",NA,"Ldb1",NA
"878",NA,"Immt",NA
"879",NA,"Smyd2",NA
"880",NA,"Kti12",NA
"881",NA,"Pwwp3a",NA
"882",NA,"Map3k8",NA
"883",NA,"Sfxn1",NA
"884",NA,"Ddb2",NA
"885",NA,"Ipo4",NA
"886",NA,"Ero1a",NA
"887",NA,"Tnrc6b",NA
"888",NA,"Tln1",NA
"889",NA,"Scp2",NA
"890",NA,"Leo1",NA
"891",NA,"Slc35b2",NA
"892",NA,"Mrps2",NA
"893",NA,"Psmb2",NA
"894",NA,"Retreg1",NA
"895",NA,"Dtx3l",NA
"896",NA,"Hax1",NA
"897",NA,"Bicra",NA
"898",NA,"Ttc7",NA
"899",NA,"Adsl",NA
"900",NA,"Banf1",NA
"901",NA,"Ifnar1",NA
"902",NA,"Tnfrsf18",NA
"903",NA,"Pusl1",NA
"904",NA,"Vrk3",NA
"905",NA,"Aff3",NA
"906",NA,"Bcl2l1",NA
"907",NA,"Nelfe",NA
"908",NA,"Cdc25b",NA
"909",NA,"Znrf1",NA
"910",NA,"Oxct1",NA
"911",NA,"Map4k1",NA
"912",NA,"Phf6",NA
"913",NA,"Ing3",NA
"914",NA,"Sirt7",NA
"915",NA,"Rps27l",NA
"916",NA,"Bcap29",NA
"917",NA,"Cd200",NA
"918",NA,"Irf9",NA
"919",NA,"Pink1",NA
"920",NA,"Slc5a6",NA
"921",NA,"Gabpb1",NA
"922",NA,"Thoc3",NA
"923",NA,"Ndufa12",NA
"924",NA,"Slc35a4",NA
"925",NA,"Numa1",NA
"926",NA,"Atp6v0b",NA
"927",NA,"Nup54",NA
"928",NA,"Smim29",NA
"929",NA,"Mrpl50",NA
"930",NA,"Fam117a",NA
"931",NA,"Znhit6",NA
"932",NA,"Cdk6",NA
"933",NA,"Rab18",NA
"934",NA,"Epc1",NA
"935",NA,"Baz1a",NA
"936",NA,"Amigo2",NA
"937",NA,"B4galt1",NA
"938",NA,"Mafk",NA
"939",NA,"Apbb1ip",NA
"940",NA,"Septin7",NA
"941",NA,"Rgs16",NA
"942",NA,"Naa20",NA
"943",NA,"Tsr1",NA
"944",NA,"Golga7",NA
"945",NA,"Emc6",NA
"946",NA,"Mrpl12",NA
"947",NA,"Tnfaip8l2",NA
"948",NA,"Klhdc1",NA
"949",NA,"Ehd1",NA
"950",NA,"Cyc1",NA
"951",NA,"Dnlz",NA
"952",NA,"Arhgap31",NA
"953",NA,"Alg5",NA
"954",NA,"Sla2",NA
"955",NA,"Kmt5a",NA
"956",NA,"Stard3",NA
"957",NA,"Gart",NA
"958",NA,"Rgcc",NA
"959",NA,"Dnajb11",NA
"960",NA,"Sri",NA
"961",NA,"Mbd3",NA
"962",NA,"Serpinb9",NA
"963",NA,"Zfp948",NA
"964",NA,"Ankrd46",NA
"965",NA,"Seh1l",NA
"966",NA,"Ramp1",NA
"967",NA,"Sec13",NA
"968",NA,"Apba3",NA
"969",NA,"Slc39a4",NA
"970",NA,"Tubb5",NA
"971",NA,"Dctpp1",NA
"972",NA,"Cd226",NA
"973",NA,"Acaa2",NA
"974",NA,"Uvrag",NA
"975",NA,"Bcl9l",NA
"976",NA,"Esyt2",NA
"977",NA,"Slc25a33",NA
"978",NA,"Arl4c",NA
"979",NA,"Pno1",NA
"980",NA,"Anp32e",NA
"981",NA,"Ppm1h",NA
"982",NA,"Atp1a1",NA
"983",NA,"F2r",NA
"984",NA,"Ptger2",NA
"985",NA,"Bag1",NA
"986",NA,"Thap7",NA
"987",NA,"C1qa",NA
"988",NA,"Fbh1",NA
"989",NA,"Nfatc3",NA
"990",NA,"Noc3l",NA
"991",NA,"Atg101",NA
"992",NA,"AB124611",NA
"993",NA,"Pomp",NA
"994",NA,"Uchl3",NA
"995",NA,"Sphk1",NA
"996",NA,"Cnn3",NA
"997",NA,"Larp4",NA
"998",NA,"Unc13d",NA
"999",NA,"Shq1",NA
"1000",NA,"Taf10",NA
"1001",NA,"Cyp2s1",NA
"1002",NA,"Trim13",NA
"1003",NA,"Erh",NA
"1004",NA,"Rps19bp1",NA
"1005",NA,"Cyb5b",NA
"1006",NA,"Tomm5",NA
"1007",NA,"Thap3",NA
"1008",NA,"Sntb1",NA
"1009",NA,"Ssb",NA
"1010",NA,"Timm17a",NA
"1011",NA,"Cdk19",NA
"1012",NA,"Snrk",NA
"1013",NA,"Ythdf2",NA
"1014",NA,"Farsa",NA
"1015",NA,"Mdfic",NA
"1016",NA,"H2-Q5",NA
"1017",NA,"Jmy",NA
"1018",NA,"Plcb2",NA
"1019",NA,"Nol11",NA
"1020",NA,"Dnajc2",NA
"1021",NA,"Igf1",NA
"1022",NA,"Gm8369",NA
"1023",NA,"Ilf2",NA
"1024",NA,"1700017B05Rik",NA
"1025",NA,"Spcs3",NA
"1026",NA,"Nfkb2",NA
"1027",NA,"Supt20",NA
"1028",NA,"Dnm2",NA
"1029",NA,"Tlk1",NA
"1030",NA,"Hdac7",NA
"1031",NA,"Ndufaf4",NA
"1032",NA,"Map3k3",NA
"1033",NA,"Sult2b1",NA
"1034",NA,"Nutf2",NA
"1035",NA,"Lbp",NA
"1036",NA,"1810055G02Rik",NA
"1037",NA,"Pou2af1",NA
"1038",NA,"Zmym2",NA
"1039",NA,"Chd2",NA
"1040",NA,"Plaat3",NA
"1041",NA,"Wdr18",NA
"1042",NA,"Sidt1",NA
"1043",NA,"Tspyl1",NA
"1044",NA,"Atxn7l1",NA
"1045",NA,"Rsl24d1",NA
"1046",NA,"Elac2",NA
"1047",NA,"Xpot",NA
"1048",NA,"Pced1b",NA
"1049",NA,"Smarcc1",NA
"1050",NA,"Hmgcr",NA
"1051",NA,"Elovl5",NA
"1052",NA,"Arih2",NA
"1053",NA,"Denr",NA
"1054",NA,"Slc6a6",NA
"1055",NA,"Otud5",NA
"1056",NA,"Dcun1d5",NA
"1057",NA,"Auh",NA
"1058",NA,"Gdi1",NA
"1059",NA,"Aprt",NA
"1060",NA,"Mapk6",NA
"1061",NA,"Pigu",NA
"1062",NA,"Nub1",NA
"1063",NA,"Matk",NA
"1064",NA,"Lsm12",NA
"1065",NA,"Senp7",NA
"1066",NA,"Polr2e",NA
"1067",NA,"Mogs",NA
"1068",NA,"Maff",NA
"1069",NA,"Ass1",NA
"1070",NA,"Pgd",NA
"1071",NA,"Zbtb7b",NA
"1072",NA,"Polr2h",NA
"1073",NA,"Tmie",NA
"1074",NA,"Apoe",NA
"1075",NA,"Psmb6",NA
"1076",NA,"Prelid3b",NA
"1077",NA,"Parp3",NA
"1078",NA,"Foxn3",NA
"1079",NA,"Psmd13",NA
"1080",NA,"Mast3",NA
"1081",NA,"Gde1",NA
"1082",NA,"Traf4",NA
"1083",NA,"H2-T22",NA
"1084",NA,"Slc25a1",NA
"1085",NA,"Tcerg1",NA
"1086",NA,"Pals2",NA
"1087",NA,"Irf2bpl",NA
"1088",NA,"Tsen54",NA
"1089",NA,"Cnst",NA
"1090",NA,"Snrpd1",NA
"1091",NA,"Il10rb",NA
"1092",NA,"Gadd45b",NA
"1093",NA,"Fli1",NA
"1094",NA,"Mrpl15",NA
"1095",NA,"Dusp2",NA
"1096",NA,"Xylt2",NA
"1097",NA,"Sbk1",NA
"1098",NA,"Slc26a11",NA
"1099",NA,"Mydgf",NA
"1100",NA,"Pkp3",NA
"1101",NA,"Rwdd4a",NA
"1102",NA,"Psmg2",NA
"1103",NA,"Cept1",NA
"1104",NA,"Sptan1",NA
"1105",NA,"Tmem167",NA
"1106",NA,"H2-Q7",NA
"1107",NA,"2310061I04Rik",NA
"1108",NA,"Ybx3",NA
"1109",NA,"Crls1",NA
"1110",NA,"Wdr3",NA
"1111",NA,"Txnl1",NA
"1112",NA,"Nudt4",NA
"1113",NA,"Aig1",NA
"1114",NA,"Znrd2",NA
"1115",NA,"Blmh",NA
"1116",NA,"Surf2",NA
"1117",NA,"Ctla2a",NA
"1118",NA,"Batf",NA
"1119",NA,"Slc7a5",NA
"1120",NA,"Pebp1",NA
"1121",NA,"Bcl11b",NA
"1122",NA,"St13",NA
"1123",NA,"Nlrc3",NA
"1124",NA,"Cul2",NA
"1125",NA,"Mrpl20",NA
"1126",NA,"Slc7a11",NA
"1127",NA,"Art2b",NA
"1128",NA,"Slc9a9",NA
"1129",NA,"Kcnab2",NA
"1130",NA,"Srxn1",NA
"1131",NA,"Spata13",NA
"1132",NA,"Fam53b",NA
"1133",NA,"Crot",NA
"1134",NA,"Snrpa1",NA
"1135",NA,"Vps13b",NA
"1136",NA,"Dynll2",NA
"1137",NA,"Fcgr1",NA
"1138",NA,"Tmed5",NA
"1139",NA,"Nfkbiz",NA
"1140",NA,"Nol12",NA
"1141",NA,"Ttc3",NA
"1142",NA,"Tmem165",NA
"1143",NA,"Rexo2",NA
"1144",NA,"Ube2q2",NA
"1145",NA,"Msto1",NA
"1146",NA,"Eif2s2",NA
"1147",NA,"Syf2",NA
"1148",NA,"Phf21a",NA
"1149",NA,"Asap1",NA
"1150",NA,"Rbl2",NA
"1151",NA,"Zfp212",NA
"1152",NA,"Zdhhc13",NA
"1153",NA,"Apol7e",NA
"1154",NA,"Ccdc86",NA
"1155",NA,"Trim14",NA
"1156",NA,"Gfus",NA
"1157",NA,"Serpine2",NA
"1158",NA,"Alg8",NA
"1159",NA,"Nsfl1c",NA
"1160",NA,"Smap2",NA
"1161",NA,"Stard4",NA
"1162",NA,"Gtpbp2",NA
"1163",NA,"Fbrsl1",NA
"1164",NA,"Abca2",NA
"1165",NA,"Grap2",NA
"1166",NA,"Ndufa5",NA
"1167",NA,"Cat",NA
"1168",NA,"Cabin1",NA
"1169",NA,"Pnisr",NA
"1170",NA,"Hnrnpa1",NA
"1171",NA,"C6",NA
"1172",NA,"Nom1",NA
"1173",NA,"Fam98a",NA
"1174",NA,"Ydjc",NA
"1175",NA,"Exosc2",NA
"1176",NA,"Abtb1",NA
"1177",NA,"Gbp7",NA
"1178",NA,"Prkacb",NA
"1179",NA,"Adrb2",NA
"1180",NA,"Krr1",NA
"1181",NA,"Adipor2",NA
"1182",NA,"Nxt1",NA
"1183",NA,"Akt2",NA
"1184",NA,"Pglyrp2",NA
"1185",NA,"Rbpj",NA
"1186",NA,"Cox19",NA
"1187",NA,"Tmc6",NA
"1188",NA,"Trim26",NA
"1189",NA,"Kif1b",NA
"1190",NA,"Gfod1",NA
"1191",NA,"Parp6",NA
"1192",NA,"Slc44a2",NA
"1193",NA,"Tgtp2",NA
"1194",NA,"Pnpo",NA
"1195",NA,"Gpr171",NA
"1196",NA,"Mpp1",NA
"1197",NA,"Klf11",NA
"1198",NA,"Usp28",NA
"1199",NA,"Nol10",NA
"1200",NA,"Naa25",NA
"1201",NA,"Qtrt1",NA
"1202",NA,"Smim14",NA
"1203",NA,"Uqcc2",NA
"1204",NA,"Wbp1",NA
"1205",NA,"Tardbp",NA
"1206",NA,"Tmem134",NA
"1207",NA,"Ubxn4",NA
"1208",NA,"Coro1b",NA
"1209",NA,"Ing2",NA
"1210",NA,"Eya2",NA
"1211",NA,"Slc35d2",NA
"1212",NA,"Cic",NA
"1213",NA,"Timm9",NA
"1214",NA,"Camkk2",NA
"1215",NA,"Cebpg",NA
"1216",NA,"Ddx10",NA
"1217",NA,"Klhl5",NA
"1218",NA,"Bud23",NA
"1219",NA,"Dalrd3",NA
"1220",NA,"Dis3",NA
"1221",NA,"Eef1aknmt",NA
"1222",NA,"Zdhhc6",NA
"1223",NA,"Mepce",NA
"1224",NA,"Ssr4",NA
"1225",NA,"Noa1",NA
"1226",NA,"Il21r",NA
"1227",NA,"Thyn1",NA
"1228",NA,"Lipg",NA
"1229",NA,"Zfp386",NA
"1230",NA,"Noct",NA
"1231",NA,"Fam169b",NA
"1232",NA,"Utp14a",NA
"1233",NA,"Rpp38",NA
"1234",NA,"Ech1",NA
"1235",NA,"Plk2",NA
"1236",NA,"Cflar",NA
"1237",NA,"Txnrd3",NA
"1238",NA,"Knop1",NA
"1239",NA,"Fastkd3",NA
"1240",NA,"Arl1",NA
"1241",NA,"Acss1",NA
"1242",NA,"Trbv13-2",NA
"1243",NA,"Slc50a1",NA
"1244",NA,"Tmem33",NA
"1245",NA,"Parp10",NA
"1246",NA,"Lst1",NA
"1247",NA,"Tet1",NA
"1248",NA,"Kcnj16",NA
"1249",NA,"Atp5mpl",NA
"1250",NA,"Csnk2b",NA
"1251",NA,"Ddx41",NA
"1252",NA,"Gmip",NA
"1253",NA,"Xpnpep1",NA
"1254",NA,"Prrt1",NA
"1255",NA,"Prmt6",NA
"1256",NA,"Chd7",NA
"1257",NA,"Stat4",NA
"1258",NA,"Herpud2",NA
"1259",NA,"Smc6",NA
"1260",NA,"Rab33b",NA
"1261",NA,"Mettl16",NA
"1262",NA,"Swap70",NA
"1263",NA,"Abcd1",NA
"1264",NA,"Snrpd2",NA
"1265",NA,"Rpa1",NA
"1266",NA,"Ptges3",NA
"1267",NA,"Ak6",NA
"1268",NA,"Dgkz",NA
"1269",NA,"C1qb",NA
"1270",NA,"Gnal",NA
"1271",NA,"Ifi206",NA
"1272",NA,"Ing1",NA
"1273",NA,"Iqcn",NA
"1274",NA,"G6pdx",NA
"1275",NA,"Mindy2",NA
"1276",NA,"Slc40a1",NA
"1277",NA,"Psma6",NA
"1278",NA,"Slc25a25",NA
"1279",NA,"Fbxo33",NA
"1280",NA,"Eif5b",NA
"1281",NA,"Sh2d5",NA
"1282",NA,"Cpsf2",NA
"1283",NA,"Rxrb",NA
"1284",NA,"Fh1",NA
"1285",NA,"Izumo4",NA
"1286",NA,"Gab3",NA
"1287",NA,"Brix1",NA
"1288",NA,"Trmt61a",NA
"1289",NA,"Bambi",NA
"1290",NA,"Ccdc137",NA
"1291",NA,"Pycrl",NA
"1292",NA,"Gtf2f2",NA
"1293",NA,"Nadk",NA
"1294",NA,"Fbxo32",NA
"1295",NA,"Srpk2",NA
"1296",NA,"Dtx3",NA
"1297",NA,"Galnt6",NA
"1298",NA,"Lpcat3",NA
"1299",NA,"Cd40lg",NA
"1300",NA,"Hectd4",NA
"1301",NA,"Slc6a9",NA
"1302",NA,"Rnf38",NA
"1303",NA,"Bdh2",NA
"1304",NA,"Rb1cc1",NA
"1305",NA,"Atg12",NA
"1306",NA,"Gpr18",NA
"1307",NA,"Tmem11",NA
"1308",NA,"Trmt11",NA
"1309",NA,"Slc38a2",NA
"1310",NA,"Myo18a",NA
"1311",NA,"Pmpcb",NA
"1312",NA,"Crtc3",NA
"1313",NA,"Mllt10",NA
"1314",NA,"Atf7ip",NA
"1315",NA,"Mrps7",NA
"1316",NA,"Bcl2a1d",NA
"1317",NA,"Pde4d",NA
"1318",NA,"Akap13",NA
"1319",NA,"Cops7b",NA
"1320",NA,"Ptrh2",NA
"1321",NA,"Zfp292",NA
"1322",NA,"Slc35b1",NA
"1323",NA,"Stab2",NA
"1324",NA,"Phip",NA
"1325",NA,"Pea15a",NA
"1326",NA,"Tbxa2r",NA
"1327",NA,"Supv3l1",NA
"1328",NA,"Dnajc21",NA
"1329",NA,"Ubash3a",NA
"1330",NA,"Tnfrsf1b",NA
"1331",NA,"Kbtbd11",NA
"1332",NA,"Lzic",NA
"1333",NA,"Wdr73",NA
"1334",NA,"Cnot6l",NA
"1335",NA,"Tk2",NA
"1336",NA,"Bbc3",NA
"1337",NA,"S100a13",NA
"1338",NA,"Polr2f",NA
"1339",NA,"Armc3",NA
"1340",NA,"Zc3h12a",NA
"1341",NA,"Ndufab1",NA
"1342",NA,"Ext1",NA
"1343",NA,"Slc5a3",NA
"1344",NA,"Ulk2",NA
"1345",NA,"Cdkn2aip",NA
"1346",NA,"Tnfrsf25",NA
"1347",NA,"St8sia4",NA
"1348",NA,"Scarb2",NA
"1349",NA,"Elf4",NA
"1350",NA,"Crbn",NA
"1351",NA,"Cbfb",NA
"1352",NA,"Dis3l2",NA
"1353",NA,"Fasl",NA
"1354",NA,"Lrrc75b",NA
"1355",NA,"Mrpl16",NA
"1356",NA,"Zbtb38",NA
"1357",NA,"Cd7",NA
"1358",NA,"Plekhn1",NA
"1359",NA,"Ccdc127",NA
"1360",NA,"Srek1",NA
"1361",NA,"Nsun4",NA
"1362",NA,"Pcf11",NA
"1363",NA,"Timp1",NA
"1364",NA,"BC147527",NA
"1365",NA,"Timm13",NA
"1366",NA,"Abr",NA
"1367",NA,"Nudc",NA
"1368",NA,"Rrp7a",NA
"1369",NA,"Pygb",NA
"1370",NA,"Sgsm3",NA
"1371",NA,"Alcam",NA
"1372",NA,"Erap1",NA
"1373",NA,"Sptlc1",NA
"1374",NA,"Psmb3",NA
"1375",NA,"Oard1",NA
"1376",NA,"Esf1",NA
"1377",NA,"Ccdc69",NA
"1378",NA,"Nek7",NA
"1379",NA,"Runx3",NA
"1380",NA,"Mgat5",NA
"1381",NA,"Pxylp1",NA
"1382",NA,"Usp2",NA
"1383",NA,"Mtrex",NA
"1384",NA,"Samd9l",NA
"1385",NA,"Smim13",NA
"1386",NA,"Cep97",NA
"1387",NA,"Fbxl12",NA
"1388",NA,"Apex1",NA
"1389",NA,"Cstf1",NA
"1390",NA,"H2bc27",NA
"1391",NA,"Adarb1",NA
"1392",NA,"Bmi1",NA
"1393",NA,"Fmnl1",NA
"1394",NA,"Adamdec1",NA
"1395",NA,"Emc4",NA
"1396",NA,"Itgb3",NA
"1397",NA,"Trbv16",NA
"1398",NA,"Traf3ip2",NA
"1399",NA,"Plscr1",NA
"1400",NA,"Wbp4",NA
"1401",NA,"Ets2",NA
"1402",NA,"Gmfb",NA
"1403",NA,"Phf11a",NA
"1404",NA,"Tut1",NA
"1405",NA,"Gimap7",NA
"1406",NA,"Tmem63a",NA
"1407",NA,"Rnmt",NA
"1408",NA,"Faap20",NA
"1409",NA,"Trpv2",NA
"1410",NA,"Abcc5",NA
"1411",NA,"Rhobtb2",NA
"1412",NA,"Reep5",NA
"1413",NA,"Atf1",NA
"1414",NA,"1810030O07Rik",NA
"1415",NA,"Ap1ar",NA
"1416",NA,"Usp18",NA
"1417",NA,"Xpo1",NA
"1418",NA,"Agpat2",NA
"1419",NA,"Mtss1",NA
"1420",NA,"Lyst",NA
"1421",NA,"Kdm5a",NA
"1422",NA,"Dzip1",NA
"1423",NA,"Lamtor2",NA
"1424",NA,"Scaper",NA
"1425",NA,"Arhgap30",NA
"1426",NA,"Kmt2a",NA
"1427",NA,"Cxcr3",NA
"1428",NA,"Mideas",NA
"1429",NA,"Ikzf3",NA
"1430",NA,"Mrpl51",NA
"1431",NA,"A430005L14Rik",NA
"1432",NA,"Atp1b1",NA
"1433",NA,"Prdx3",NA
"1434",NA,"Slc35f2",NA
"1435",NA,"Map1lc3a",NA
"1436",NA,"Brk1",NA
"1437",NA,"Aak1",NA
"1438",NA,"Cep164",NA
"1439",NA,"Gsto1",NA
"1440",NA,"Mrpl19",NA
"1441",NA,"Tsfm",NA
"1442",NA,"Polr3d",NA
"1443",NA,"Nagpa",NA
"1444",NA,"Cd1d1",NA
"1445",NA,"Poldip2",NA
"1446",NA,"Psmb7",NA
"1447",NA,"1600014C10Rik",NA
"1448",NA,"Nedd4l",NA
"1449",NA,"2810004N23Rik",NA
"1450",NA,"Ankrd50",NA
"1451",NA,"Paip2",NA
"1452",NA,"Acoxl",NA
"1453",NA,"Ttc38",NA
"1454",NA,"Bccip",NA
"1455",NA,"Trmt6",NA
"1456",NA,"Rabggtb",NA
"1457",NA,"Snu13",NA
"1458",NA,"Slc25a32",NA
"1459",NA,"Ostc",NA
"1460",NA,"Eri1",NA
"1461",NA,"Sesn3",NA
"1462",NA,"Mfge8",NA
"1463",NA,"Carmil2",NA
"1464",NA,"Aifm1",NA
"1465",NA,"Nol9",NA
"1466",NA,"Mrps10",NA
"1467",NA,"Bach2",NA
"1468",NA,"Rgmb",NA
"1469",NA,"U2af1",NA
"1470",NA,"Alg11",NA
"1471",NA,"Mavs",NA
"1472",NA,"Rabgap1l",NA
"1473",NA,"Gucd1",NA
"1474",NA,"Stub1",NA
"1475",NA,"Gramd4",NA
"1476",NA,"Gm5150",NA
"1477",NA,"Eif4ebp2",NA
"1478",NA,"Pphln1",NA
"1479",NA,"Sgsh",NA
"1480",NA,"Capn1",NA
"1481",NA,"Mybbp1a",NA
"1482",NA,"Pkd1",NA
"1483",NA,"Lsm6",NA
"1484",NA,"Mospd3",NA
"1485",NA,"Slc16a5",NA
"1486",NA,"Utp15",NA
"1487",NA,"Prkdc",NA
"1488",NA,"Sorcs2",NA
"1489",NA,"Hps3",NA
"1490",NA,"Fam185a",NA
"1491",NA,"Mrps18b",NA
"1492",NA,"Rab3il1",NA
"1493",NA,"Phf10",NA
"1494",NA,"Calcoco1",NA
"1495",NA,"Timm23",NA
"1496",NA,"Med29",NA
"1497",NA,"Tmem50a",NA
"1498",NA,"Ap3m2",NA
"1499",NA,"Nap1l1",NA
"1500",NA,"Hjurp",NA
"1501",NA,"Atp10d",NA
"1502",NA,"Srprb",NA
"1503",NA,"Atp8a1",NA
"1504",NA,"Apobec3",NA
"1505",NA,"Ndufv2",NA
"1506",NA,"Smim12",NA
"1507",NA,"Arid1b",NA
"1508",NA,"Slc1a4",NA
"1509",NA,"Rassf3",NA
"1510",NA,"Rnf144a",NA
"1511",NA,"Gpatch4",NA
"1512",NA,"Abhd17c",NA
"1513",NA,"Prrg1",NA
"1514",NA,"Mtdh",NA
"1515",NA,"Pts",NA
"1516",NA,"Mynn",NA
"1517",NA,"Tob2",NA
"1518",NA,"Tlcd1",NA
"1519",NA,"Wipf1",NA
"1520",NA,"Riox1",NA
"1521",NA,"Plagl2",NA
"1522",NA,"Pilra",NA
"1523",NA,"Slc25a12",NA
"1524",NA,"Zfp287",NA
"1525",NA,"Nus1",NA
"1526",NA,"Cyp27a1",NA
"1527",NA,"Tgfbr2",NA
"1528",NA,"Unc93b1",NA
"1529",NA,"Slc14a1",NA
"1530",NA,"Rcbtb2",NA
"1531",NA,"Usp25",NA
"1532",NA,"Gpr68",NA
"1533",NA,"Selenoi",NA
"1534",NA,"Ccdc82",NA
"1535",NA,"Hdac5",NA
"1536",NA,"Stx16",NA
"1537",NA,"Gramd1b",NA
"1538",NA,"Zfyve28",NA
"1539",NA,"Tdg",NA
"1540",NA,"Tbc1d17",NA
"1541",NA,"Nsd1",NA
"1542",NA,"Nrm",NA
"1543",NA,"Pcnt",NA
"1544",NA,"Elf2",NA
"1545",NA,"Timm8a1",NA
"1546",NA,"Washc2",NA
"1547",NA,"Mtx2",NA
"1548",NA,"Slc39a14",NA
"1549",NA,"Hmga1",NA
"1550",NA,"Psmd14",NA
"1551",NA,"Zfp831",NA
"1552",NA,"Ndufa4",NA
"1553",NA,"Bcas3",NA
"1554",NA,"Zfp362",NA
"1555",NA,"Nudcd1",NA
"1556",NA,"Man2c1",NA
"1557",NA,"Fcna",NA
"1558",NA,"Maf",NA
"1559",NA,"Vcam1",NA
"1560",NA,"Ogt",NA
"1561",NA,"Kansl1",NA
"1562",NA,"Syne2",NA
"1563",NA,"Rragd",NA
"1564",NA,"Trafd1",NA
"1565",NA,"Bscl2",NA
"1566",NA,"6030458C11Rik",NA
"1567",NA,"Hsdl1",NA
"1568",NA,"Pcsk4",NA
"1569",NA,"Ralgps2",NA
"1570",NA,"Zc3h7a",NA
"1571",NA,"Abcb9",NA
"1572",NA,"Ppp1r16b",NA
"1573",NA,"Arhgef3",NA
"1574",NA,"Lsm1",NA
"1575",NA,"Zfp68",NA
"1576",NA,"Stat1",NA
"1577",NA,"Gadd45g",NA
"1578",NA,"Lsm2",NA
"1579",NA,"Trim21",NA
"1580",NA,"Fosb",NA
"1581",NA,"Ppp1r13b",NA
"1582",NA,"Saysd1",NA
"1583",NA,"Nop10",NA
"1584",NA,"Fam193b",NA
"1585",NA,"Camk2b",NA
"1586",NA,"Gabrr2",NA
"1587",NA,"Chpf",NA
"1588",NA,"Rhob",NA
"1589",NA,"Tnfrsf13b",NA
"1590",NA,"Tubb6",NA
"1591",NA,"Laptm4a",NA
"1592",NA,"Ncbp1",NA
"1593",NA,"AW209491",NA
"1594",NA,"Stmn1",NA
"1595",NA,"Polr1b",NA
"1596",NA,"Mtch2",NA
"1597",NA,"Ly6c2",NA
"1598",NA,"Ahi1",NA
"1599",NA,"Adgre1",NA
"1600",NA,"Zc3h15",NA
"1601",NA,"Yars2",NA
"1602",NA,"Acaa1a",NA
"1603",NA,"Far1",NA
"1604",NA,"Ascc1",NA
"1605",NA,"Zmiz1",NA
"1606",NA,"Btbd2",NA
"1607",NA,"Cyth3",NA
"1608",NA,"Leprot",NA
"1609",NA,"Tmub2",NA
"1610",NA,"Bicdl1",NA
"1611",NA,"Mlycd",NA
"1612",NA,"Dguok",NA
"1613",NA,"Brd8",NA
"1614",NA,"Kdm7a",NA
"1615",NA,"Cops5",NA
"1616",NA,"Ahnak",NA
"1617",NA,"Rbm33",NA
"1618",NA,"Prps1",NA
"1619",NA,"Nsd3",NA
"1620",NA,"Cfdp1",NA
"1621",NA,"Creld1",NA
"1622",NA,"Insr",NA
"1623",NA,"Mob3a",NA
"1624",NA,"Letm2",NA
"1625",NA,"Btbd19",NA
"1626",NA,"H1f0",NA
"1627",NA,"Hk2",NA
"1628",NA,"Msl1",NA
"1629",NA,"Tyk2",NA
"1630",NA,"Rp9",NA
"1631",NA,"Lgals8",NA
"1632",NA,"Ndufa11",NA
"1633",NA,"Nlrc5",NA
"1634",NA,"Brd3",NA
"1635",NA,"Srpr",NA
"1636",NA,"Sac3d1",NA
"1637",NA,"Ifit2",NA
"1638",NA,"Fam234a",NA
"1639",NA,"Ahcyl1",NA
"1640",NA,"Tacc1",NA
"1641",NA,"Tmem64",NA
"1642",NA,"Ppp1r7",NA
"1643",NA,"Snrpd3",NA
"1644",NA,"Smn1",NA
"1645",NA,"Tmem191",NA
"1646",NA,"Xrn1",NA
"1647",NA,"Kiz",NA
"1648",NA,"Lrrc23",NA
"1649",NA,"4833420G17Rik",NA
"1650",NA,"Herc2",NA
"1651",NA,"Slc30a4",NA
"1652",NA,"Gale",NA
"1653",NA,"Mrps17",NA
"1654",NA,"Orc5",NA
"1655",NA,"Pdap1",NA
"1656",NA,"Litaf",NA
"1657",NA,"Tmem154",NA
"1658",NA,"Mrps18a",NA
"1659",NA,"Xcl1",NA
"1660",NA,"Bsdc1",NA
"1661",NA,"Jmjd4",NA
"1662",NA,"Naga",NA
"1663",NA,"Prrc2b",NA
"1664",NA,"Nfyb",NA
"1665",NA,"Tbc1d5",NA
"1666",NA,"Sephs1",NA
"1667",NA,"Spty2d1",NA
"1668",NA,"Cd72",NA
"1669",NA,"Tmsb4x",NA
"1670",NA,"Mrpl52",NA
"1671",NA,"Arl5a",NA
"1672",NA,"Kmt5b",NA
"1673",NA,"Mrpl3",NA
"1674",NA,"C1qc",NA
"1675",NA,"Gpr146",NA
"1676",NA,"Fah",NA
"1677",NA,"Tigd5",NA
"1678",NA,"Ubald1",NA
"1679",NA,"L1cam",NA
"1680",NA,"Hcst",NA
"1681",NA,"Egln1",NA
"1682",NA,"Slc25a15",NA
"1683",NA,"Limk2",NA
"1684",NA,"Trp53i11",NA
"1685",NA,"Eif4g1",NA
"1686",NA,"Smg9",NA
"1687",NA,"Sh2b1",NA
"1688",NA,"Stk11ip",NA
"1689",NA,"Usp31",NA
"1690",NA,"Tada2a",NA
"1691",NA,"Cacybp",NA
"1692",NA,"Adi1",NA
"1693",NA,"Chil5",NA
"1694",NA,"Surf1",NA
"1695",NA,"Sytl1",NA
"1696",NA,"Birc6",NA
"1697",NA,"Tpst1",NA
"1698",NA,"Hsh2d",NA
"1699",NA,"Cnr2",NA
"1700",NA,"Tex9",NA
"1701",NA,"Ramp3",NA
"1702",NA,"Ubfd1",NA
"1703",NA,"Fam207a",NA
"1704",NA,"Slc41a1",NA
"1705",NA,"Rbm28",NA
"1706",NA,"Snx14",NA
"1707",NA,"Snx18",NA
"1708",NA,"Wls",NA
"1709",NA,"Dcaf5",NA
"1710",NA,"Rnf11",NA
"1711",NA,"Pithd1",NA
"1712",NA,"Mapk14",NA
"1713",NA,"Pinx1",NA
"1714",NA,"Ecm1",NA
"1715",NA,"Icam1",NA
"1716",NA,"Med13",NA
"1717",NA,"Pogk",NA
"1718",NA,"Filip1l",NA
"1719",NA,"Xaf1",NA
"1720",NA,"Ago2",NA
"1721",NA,"Pop1",NA
"1722",NA,"Znfx1",NA
"1723",NA,"Pdcd11",NA
"1724",NA,"Gfer",NA
"1725",NA,"Cdk7",NA
"1726",NA,"Lsm7",NA
"1727",NA,"Polg2",NA
"1728",NA,"Prpf19",NA
"1729",NA,"Emc9",NA
"1730",NA,"Slc52a2",NA
"1731",NA,"Zfp131",NA
"1732",NA,"Fancf",NA
"1733",NA,"Tbc1d2b",NA
"1734",NA,"Bola2",NA
"1735",NA,"Blcap",NA
"1736",NA,"Chd6",NA
"1737",NA,"1700056E22Rik",NA
"1738",NA,"Gpx4",NA
"1739",NA,"Slc46a3",NA
"1740",NA,"Mrpl39",NA
"1741",NA,"Icam2",NA
"1742",NA,"Mtmr4",NA
"1743",NA,"Thap12",NA
"1744",NA,"Atosa",NA
"1745",NA,"Supt16",NA
"1746",NA,"Kmt2d",NA
"1747",NA,"Fgf13",NA
"1748",NA,"Bicral",NA
"1749",NA,"Atp5md",NA
"1750",NA,"Casp2",NA
"1751",NA,"Cks1b",NA
"1752",NA,"Hdhd5",NA
"1753",NA,"Appl2",NA
"1754",NA,"Rcbtb1",NA
"1755",NA,"Cbx7",NA
"1756",NA,"BC003965",NA
"1757",NA,"Rorc",NA
"1758",NA,"Trbv12-2",NA
"1759",NA,"Trbv31",NA
"1760",NA,"Cbl",NA
"1761",NA,"Tlr1",NA
"1762",NA,"Mea1",NA
"1763",NA,"Lrsam1",NA
"1764",NA,"Pole4",NA
"1765",NA,"Ccl1",NA
"1766",NA,"Nhlrc1",NA
"1767",NA,"Dglucy",NA
"1768",NA,"Zap70",NA
"1769",NA,"Nup43",NA
"1770",NA,"1600012H06Rik",NA
"1771",NA,"Cyp4f13",NA
"1772",NA,"Cmpk2",NA
"1773",NA,"Pus1",NA
"1774",NA,"Pcmtd1",NA
"1775",NA,"Lipt2",NA
"1776",NA,"Tet3",NA
"1777",NA,"Acap2",NA
"1778",NA,"Hspa1a",NA
"1779",NA,"Scg5",NA
"1780",NA,"Snap47",NA
"1781",NA,"Ctdnep1",NA
"1782",NA,"Cyria",NA
"1783",NA,"Exosc3",NA
"1784",NA,"Ube2g2",NA
"1785",NA,"Tnk2",NA
"1786",NA,"Fcf1",NA
"1787",NA,"Atp5o",NA
"1788",NA,"Fcgrt",NA
"1789",NA,"Galnt7",NA
"1790",NA,"Cdon",NA
"1791",NA,"Mdp1",NA
"1792",NA,"Txndc17",NA
"1793",NA,"Pqlc3",NA
"1794",NA,"D2hgdh",NA
"1795",NA,"Lss",NA
"1796",NA,"Etv6",NA
"1797",NA,"Rnf25",NA
"1798",NA,"Mrpl47",NA
"1799",NA,"Ehmt2",NA
"1800",NA,"Dctn6",NA
"1801",NA,"Ncoa5",NA
"1802",NA,"Ift57",NA
"1803",NA,"Bptf",NA
"1804",NA,"Derl2",NA
"1805",NA,"Gpr89",NA
"1806",NA,"Ift140",NA
"1807",NA,"Cd300e",NA
"1808",NA,"Plbd2",NA
"1809",NA,"Ankrd28",NA
"1810",NA,"Nfatc1",NA
"1811",NA,"Ctdsp2",NA
"1812",NA,"Nbr1",NA
"1813",NA,"Csf1r",NA
"1814",NA,"Aldh2",NA
"1815",NA,"Dennd1a",NA
"1816",NA,"Slamf7",NA
"1817",NA,"Kcnh3",NA
"1818",NA,"Armc6",NA
"1819",NA,"Rcor3",NA
"1820",NA,"Ankrd49",NA
"1821",NA,"Gng12",NA
"1822",NA,"1810062G17Rik",NA
"1823",NA,"Cstf2",NA
"1824",NA,"Poli",NA
"1825",NA,"3110082I17Rik",NA
"1826",NA,"Baz2a",NA
"1827",NA,"Mrpl28",NA
"1828",NA,"Kmt5c",NA
"1829",NA,"Prag1",NA
"1830",NA,"Mrps28",NA
"1831",NA,"Parp14",NA
"1832",NA,"Fez2",NA
"1833",NA,"Gdpgp1",NA
"1834",NA,"Ap5z1",NA
"1835",NA,"Rapgef4",NA
"1836",NA,"Clec4a3",NA
"1837",NA,"Paqr7",NA
"1838",NA,"Stat2",NA
"1839",NA,"Nbeal2",NA
"1840",NA,"Ptp4a1",NA
"1841",NA,"Fto",NA
"1842",NA,"Exoc4",NA
"1843",NA,"Arrdc3",NA
"1844",NA,"Ftsj1",NA
"1845",NA,"Gfra2",NA
"1846",NA,"Hexim1",NA
"1847",NA,"Pcca",NA
"1848",NA,"Mertk",NA
"1849",NA,"Samd4",NA
"1850",NA,"Card19",NA
"1851",NA,"Pcmtd2",NA
"1852",NA,"Spin4",NA
"1853",NA,"Pdcd1lg2",NA
"1854",NA,"Tamm41",NA
"1855",NA,"B4galt7",NA
"1856",NA,"Arid3b",NA
"1857",NA,"Hectd3",NA
"1858",NA,"Foxj2",NA
"1859",NA,"Sbno2",NA
"1860",NA,"Prickle3",NA
"1861",NA,"Ndufb7",NA
"1862",NA,"Pmel",NA
"1863",NA,"Alpk2",NA
"1864",NA,"Gnl3l",NA
"1865",NA,"Zscan10",NA
"1866",NA,"Hdac10",NA
"1867",NA,"Ywhag",NA
"1868",NA,"Thada",NA
"1869",NA,"Wdr13",NA
"1870",NA,"Sorbs3",NA
"1871",NA,"Lats2",NA
"1872",NA,"Rtn4rl1",NA
"1873",NA,"Med21",NA
"1874",NA,"Pira2",NA
"1875",NA,"Cd209a",NA
"1876",NA,"Fam98c",NA
"1877",NA,"Tbl2",NA
"1878",NA,"Ddi2",NA
"1879",NA,"Ccl20",NA
"1880",NA,"Ctse",NA
"1881",NA,"Emc7",NA
"1882",NA,"Tnfrsf1a",NA
"1883",NA,"Adh1",NA
"1884",NA,"Rgs11",NA
"1885",NA,"Spag7",NA
"1886",NA,"Cox5a",NA
"1887",NA,"Bltp1",NA
"1888",NA,"Higd1a",NA
"1889",NA,"Qtrt2",NA
"1890",NA,"Tmem26",NA
"1891",NA,"Mrps12",NA
"1892",NA,"Glipr1",NA
"1893",NA,"Rab19",NA
"1894",NA,"Polr2l",NA
"1895",NA,"Cad",NA
"1896",NA,"Neto2",NA
"1897",NA,"Acbd6",NA
"1898",NA,"Nab2",NA
"1899",NA,"Fhip2a",NA
"1900",NA,"Dgkd",NA
"1901",NA,"Narf",NA
"1902",NA,"Fam3a",NA
"1903",NA,"Fam83g",NA
"1904",NA,"Ddx55",NA
"1905",NA,"Zdhhc9",NA
"1906",NA,"Git2",NA
"1907",NA,"Cisd1",NA
"1908",NA,"Tra2a",NA
"1909",NA,"Ube2a",NA
"1910",NA,"Cmtr2",NA
"1911",NA,"Clec2i",NA
"1912",NA,"Tsr3",NA
"1913",NA,"Fbxl17",NA
"1914",NA,"Eef1akmt4",NA
"1915",NA,"Tma16",NA
"1916",NA,"Trbv3",NA
"1917",NA,"Tor3a",NA
"1918",NA,"Babam2",NA
"1919",NA,"Sertad3",NA
"1920",NA,"Mindy1",NA
"1921",NA,"Itpr3",NA
"1922",NA,"Mdn1",NA
"1923",NA,"Tor4a",NA
"1924",NA,"Xrcc5",NA
"1925",NA,"Rnf32",NA
"1926",NA,"Rbm45",NA
"1927",NA,"Ezh1",NA
"1928",NA,"Vma21",NA
"1929",NA,"Mak16",NA
"1930",NA,"Sinhcaf",NA
"1931",NA,"Cep95",NA
"1932",NA,"Dtwd1",NA
"1933",NA,"Fam241a",NA
"1934",NA,"Fam118b",NA
"1935",NA,"Pkmyt1",NA
"1936",NA,"Pitpnc1",NA
"1937",NA,"Vkorc1l1",NA
"1938",NA,"Rpp25",NA
"1939",NA,"Dus2",NA
"1940",NA,"Nat10",NA
"1941",NA,"Coq8a",NA
"1942",NA,"Sh2b3",NA
"1943",NA,"AU022252",NA
"1944",NA,"Pag1",NA
"1945",NA,"Manf",NA
"1946",NA,"Chst11",NA
"1947",NA,"Wdr45",NA
"1948",NA,"Hacd2",NA
"1949",NA,"Atp8b2",NA
"1950",NA,"Nomo1",NA
"1951",NA,"Hmgn2",NA
"1952",NA,"Pkp4",NA
"1953",NA,"Trat1",NA
"1954",NA,"Cnep1r1",NA
"1955",NA,"Smurf2",NA
"1956",NA,"Mul1",NA
"1957",NA,"Cks2",NA
"1958",NA,"Adck2",NA
"1959",NA,"Irf6",NA
"1960",NA,"Qsox1",NA
"1961",NA,"Atp1a2",NA
"1962",NA,"Elof1",NA
"1963",NA,"Rbm43",NA
"1964",NA,"Slc25a23",NA
"1965",NA,"Wdr24",NA
"1966",NA,"Cbr1",NA
"1967",NA,"Ino80e",NA
"1968",NA,"Elovl6",NA
"1969",NA,"Smchd1",NA
"1970",NA,"Rbm34",NA
"1971",NA,"Eml2",NA
"1972",NA,"Csf2",NA
"1973",NA,"Slc25a45",NA
"1974",NA,"Tmem131l",NA
"1975",NA,"Tsen2",NA
"1976",NA,"Fry",NA
"1977",NA,"Setd2",NA
"1978",NA,"Carnmt1",NA
"1979",NA,"Zfp945",NA
"1980",NA,"Rtraf",NA
"1981",NA,"Phf3",NA
"1982",NA,"Spice1",NA
"1983",NA,"Trmt2b",NA
"1984",NA,"Ampd1",NA
"1985",NA,"Dse",NA
"1986",NA,"Tent5a",NA
"1987",NA,"Cmss1",NA
"1988",NA,"Itga7",NA
"1989",NA,"Psmg3",NA
"1990",NA,"Cops3",NA
"1991",NA,"Vps41",NA
"1992",NA,"Vps13a",NA
"1993",NA,"Pank3",NA
"1994",NA,"Slfn5",NA
"1995",NA,"Timm8b",NA
"1996",NA,"Dhx33",NA
"1997",NA,"Zfp592",NA
"1998",NA,"Ncbp2",NA
"1999",NA,"Ccser2",NA
"2000",NA,"Pfdn6",NA
"2001",NA,"Gpt2",NA
"2002",NA,"Zfp397",NA
"2003",NA,"Usf1",NA
"2004",NA,"Tmem208",NA
"2005",NA,"Cyhr1",NA
"2006",NA,"Gpr34",NA
"2007",NA,"Gbp6",NA
"2008",NA,"Parp16",NA
"2009",NA,"Patz1",NA
"2010",NA,"Mturn",NA
"2011",NA,"Triobp",NA
"2012",NA,"Map9",NA
"2013",NA,"Mmp13",NA
"2014",NA,"Herc3",NA
"2015",NA,"Id3",NA
"2016",NA,"Cbx8",NA
"2017",NA,"Ccsap",NA
"2018",NA,"Pus7l",NA
"2019",NA,"Rsl1",NA
"2020",NA,"Rnf123",NA
"2021",NA,"Vegfa",NA
"2022",NA,"Dnmt3b",NA
"2023",NA,"Rfx3",NA
"2024",NA,"D3Ertd751e",NA
"2025",NA,"Pole3",NA
"2026",NA,"Pip4p2",NA
"2027",NA,"Cnpy2",NA
"2028",NA,"Cnih1",NA
"2029",NA,"Cd22",NA
"2030",NA,"Smpd5",NA
"2031",NA,"Lrig2",NA
"2032",NA,"Fam120b",NA
"2033",NA,"Ubtd2",NA
"2034",NA,"Txndc9",NA
"2035",NA,"Prkcz",NA
"2036",NA,"Gemin6",NA
"2037",NA,"E2f2",NA
"2038",NA,"Pdss1",NA
"2039",NA,"Lrp8",NA
"2040",NA,"Tnik",NA
"2041",NA,"Gusb",NA
"2042",NA,"Rmnd1",NA
"2043",NA,"Macrod1",NA
"2044",NA,"Celsr1",NA
"2045",NA,"Trerf1",NA
"2046",NA,"Sp140",NA
"2047",NA,"Cd274",NA
"2048",NA,"St6gal1",NA
"2049",NA,"Kdm3a",NA
"2050",NA,"Ctso",NA
"2051",NA,"Pilrb2",NA
"2052",NA,"Mrps22",NA
"2053",NA,"Vav3",NA
"2054",NA,"Trbv17",NA
"2055",NA,"Hspe1",NA
"2056",NA,"Tnpo1",NA
"2057",NA,"Khk",NA
"2058",NA,"Ifi214",NA
"2059",NA,"Ppfia4",NA
"2060",NA,"Was",NA
"2061",NA,"Srgap2",NA
"2062",NA,"Pglyrp1",NA
"2063",NA,"Mcu",NA
"2064",NA,"Rnf145",NA
"2065",NA,"Naxe",NA
"2066",NA,"Rnf43",NA
"2067",NA,"Avl9",NA
"2068",NA,"Ep300",NA
"2069",NA,"Flot2",NA
"2070",NA,"Cetn4",NA
"2071",NA,"Dph6",NA
"2072",NA,"Tut4",NA
"2073",NA,"Zfp110",NA
"2074",NA,"Pear1",NA
"2075",NA,"Tle3",NA
"2076",NA,"Cyp11a1",NA
"2077",NA,"Man2a1",NA
"2078",NA,"Numb",NA
"2079",NA,"Vdac3",NA
"2080",NA,"Ear2",NA
"2081",NA,"D11Wsu47e",NA
"2082",NA,"Aasdhppt",NA
"2083",NA,"Uba6",NA
"2084",NA,"Castor1",NA
"2085",NA,"Nod1",NA
"2086",NA,"Cep83",NA
"2087",NA,"Ndufaf8",NA
"2088",NA,"Herc4",NA
"2089",NA,"1700025G04Rik",NA
"2090",NA,"Rps6ka3",NA
"2091",NA,"Npm3",NA
"2092",NA,"Exosc4",NA
"2093",NA,"Gpat4",NA
"2094",NA,"Slc35a1",NA
"2095",NA,"Acadl",NA
"2096",NA,"Cadm1",NA
"2097",NA,"Il18r1",NA
"2098",NA,"Dync1h1",NA
"2099",NA,"Cd163",NA
"2100",NA,"Gm5134",NA
"2101",NA,"Pigm",NA
"2102",NA,"Phf13",NA
"2103",NA,"Phf11c",NA
"2104",NA,"Nt5dc1",NA
"2105",NA,"Mrps24",NA
"2106",NA,"Poglut1",NA
"2107",NA,"Gga1",NA
"2108",NA,"Cdt1",NA
"2109",NA,"Exosc1",NA
"2110",NA,"Eml3",NA
"2111",NA,"Lypd6b",NA
"2112",NA,"Egln3",NA
"2113",NA,"Rnf39",NA
"2114",NA,"Zfp956",NA
"2115",NA,"Naa35",NA
"2116",NA,"Ganc",NA
"2117",NA,"Mks1",NA
"2118",NA,"Fhip1b",NA
"2119",NA,"Kidins220",NA
"2120",NA,"Nrde2",NA
"2121",NA,"Sh3rf1",NA
"2122",NA,"Gba2",NA
"2123",NA,"Stag2",NA
"2124",NA,"Ddx60",NA
"2125",NA,"Hook1",NA
"2126",NA,"Ripor1",NA
"2127",NA,"Kat2b",NA
"2128",NA,"Atp2a2",NA
"2129",NA,"Med19",NA
"2130",NA,"Mrpl41",NA
"2131",NA,"Atf6b",NA
"2132",NA,"Bag3",NA
"2133",NA,"Spats2",NA
"2134",NA,"Fbxw11",NA
"2135",NA,"Aamdc",NA
"2136",NA,"H2bc4",NA
"2137",NA,"Zfp719",NA
"2138",NA,"Suco",NA
"2139",NA,"Trp53rkb",NA
"2140",NA,"Tbc1d22b",NA
"2141",NA,"Eif3j1",NA
"2142",NA,"Inhba",NA
"2143",NA,"Ubald2",NA
"2144",NA,"Casp6",NA
"2145",NA,"Gm49336",NA
"2146",NA,"Mis12",NA
"2147",NA,"Mycbp",NA
"2148",NA,"Hvcn1",NA
"2149",NA,"Rab3d",NA
"2150",NA,"Creb3l2",NA
"2151",NA,"Hlcs",NA
"2152",NA,"Top1",NA
"2153",NA,"Traf3",NA
"2154",NA,"Slc25a40",NA
"2155",NA,"Wdr19",NA
"2156",NA,"Ankrd13d",NA
"2157",NA,"Rph3al",NA
"2158",NA,"Ripk2",NA
"2159",NA,"Cluh",NA
"2160",NA,"Cyb5r1",NA
"2161",NA,"Sbf1",NA
"2162",NA,"Hivep1",NA
"2163",NA,"Arhgef39",NA
"2164",NA,"Trim12a",NA
"2165",NA,"Ptgs1",NA
"2166",NA,"Mrpl35",NA
"2167",NA,"Rnf126",NA
"2168",NA,"Septin9",NA
"2169",NA,"Pcgf6",NA
"2170",NA,"Slc44a1",NA
"2171",NA,"Hipk2",NA
"2172",NA,"Chchd2l",NA
"2173",NA,"Ccr9",NA
"2174",NA,"Zfp868",NA
"2175",NA,"Klf4",NA
"2176",NA,"Slc25a36",NA
"2177",NA,"Utp11",NA
"2178",NA,"Lgmn",NA
"2179",NA,"Tdrkh",NA
"2180",NA,"Mrps36",NA
"2181",NA,"Pdk2",NA
"2182",NA,"Il1r2",NA
"2183",NA,"Heatr1",NA
"2184",NA,"Abcd2",NA
"2185",NA,"Cxcr6",NA
"2186",NA,"C87436",NA
"2187",NA,"Mrc1",NA
"2188",NA,"Ctnnb1",NA
"2189",NA,"Ebag9",NA
"2190",NA,"Syde2",NA
"2191",NA,"Cacnb1",NA
"2192",NA,"Eny2",NA
"2193",NA,"Nfatc2",NA
"2194",NA,"Rab20",NA
"2195",NA,"Fitm2",NA
"2196",NA,"Arid2",NA
"2197",NA,"Tbx6",NA
"2198",NA,"Bphl",NA
"2199",NA,"Gatd1",NA
"2200",NA,"Sntb2",NA
"2201",NA,"Manba",NA
"2202",NA,"Pdcd5",NA
"2203",NA,"Fryl",NA
"2204",NA,"Eif4e3",NA
"2205",NA,"Cracr2a",NA
"2206",NA,"Setdb2",NA
"2207",NA,"Crmp1",NA
"2208",NA,"Cdk2ap1",NA
"2209",NA,"Pdp2",NA
"2210",NA,"Clybl",NA
"2211",NA,"Erlin1",NA
"2212",NA,"Kif16b",NA
"2213",NA,"Kpna6",NA
"2214",NA,"Ndufaf1",NA
"2215",NA,"Zfp692",NA
"2216",NA,"Ahcy",NA
"2217",NA,"Iffo1",NA
"2218",NA,"Acat2",NA
"2219",NA,"Racgap1",NA
"2220",NA,"Ciart",NA
"2221",NA,"2310057M21Rik",NA
"2222",NA,"Lonrf1",NA
"2223",NA,"Gatc",NA
"2224",NA,"Dym",NA
"2225",NA,"Madd",NA
"2226",NA,"Cep57l1",NA
"2227",NA,"Parn",NA
"2228",NA,"Cntrob",NA
"2229",NA,"Cwc27",NA
"2230",NA,"Zfp512",NA
"2231",NA,"Tyrobp",NA
"2232",NA,"Cdc14a",NA
"2233",NA,"Tmem41b",NA
"2234",NA,"Rpp30",NA
"2235",NA,"Adamts14",NA
"2236",NA,"Slc37a1",NA
"2237",NA,"Vmac",NA
"2238",NA,"Pde3b",NA
"2239",NA,"Prkrip1",NA
"2240",NA,"Utp20",NA
"2241",NA,"Spryd4",NA
"2242",NA,"H3c1",NA
"2243",NA,"Lif",NA
"2244",NA,"Arhgef2",NA
"2245",NA,"Mns1",NA
"2246",NA,"Gprasp1",NA
"2247",NA,"Faap100",NA
"2248",NA,"Fam149b",NA
"2249",NA,"Cdc42ep3",NA
"2250",NA,"Ell2",NA
"2251",NA,"Pdk3",NA
"2252",NA,"Polr2j",NA
"2253",NA,"Tnfrsf23",NA
"2254",NA,"Smyd3",NA
"2255",NA,"Mrpl45",NA
"2256",NA,"Trim5",NA
"2257",NA,"Tifab",NA
"2258",NA,"Tspan6",NA
"2259",NA,"Pgrmc2",NA
"2260",NA,"Ufl1",NA
"2261",NA,"Rwdd1",NA
"2262",NA,"Cdyl",NA
"2263",NA,"Kdm3b",NA
"2264",NA,"Pfas",NA
"2265",NA,"Psmg1",NA
"2266",NA,"Hectd2",NA
"2267",NA,"Apobec1",NA
"2268",NA,"Mettl27",NA
"2269",NA,"B3gnt3",NA
"2270",NA,"Kifc2",NA
"2271",NA,"Acad10",NA
"2272",NA,"Itgad",NA
"2273",NA,"Eloc",NA
"2274",NA,"Ccdc58",NA
"2275",NA,"Adcy3",NA
"2276",NA,"Sap30",NA
"2277",NA,"Cdadc1",NA
"2278",NA,"Elmo2",NA
"2279",NA,"H2ac25",NA
"2280",NA,"Bcl2a1b",NA
"2281",NA,"Sar1b",NA
"2282",NA,"Insig2",NA
"2283",NA,"4931414P19Rik",NA
"2284",NA,"Gtf2e1",NA
"2285",NA,"Dot1l",NA
"2286",NA,"Baz2b",NA
"2287",NA,"Btf3l4",NA
"2288",NA,"Prkar1b",NA
"2289",NA,"Pelp1",NA
"2290",NA,"Msrb2",NA
"2291",NA,"Acod1",NA
"2292",NA,"Plbd1",NA
"2293",NA,"Ilrun",NA
"2294",NA,"Ms4a4c",NA
"2295",NA,"Rnf121",NA
"2296",NA,"Mtmr12",NA
"2297",NA,"Zbtb14",NA
"2298",NA,"Msh3",NA
"2299",NA,"Rab11fip3",NA
"2300",NA,"Tmem101",NA
"2301",NA,"Kcnh2",NA
"2302",NA,"H2-Q4",NA
"2303",NA,"Dbi",NA
"2304",NA,"Shld1",NA
"2305",NA,"Gzma",NA
"2306",NA,"Gstk1",NA
"2307",NA,"Dmpk",NA
"2308",NA,"Nfam1",NA
"2309",NA,"Hps5",NA
"2310",NA,"Ccdc171",NA
"2311",NA,"Atp1a3",NA
"2312",NA,"Ift46",NA
"2313",NA,"Trim59",NA
"2314",NA,"Cep250",NA
"2315",NA,"Bbs12",NA
"2316",NA,"Aimp1",NA
"2317",NA,"Il17f",NA
"2318",NA,"Sipa1l1",NA
"2319",NA,"Rpap3",NA
"2320",NA,"Tspan15",NA
"2321",NA,"Vwa8",NA
"2322",NA,"Pex11g",NA
"2323",NA,"A630001G21Rik",NA
"2324",NA,"Tanc1",NA
"2325",NA,"Smurf1",NA
"2326",NA,"Pid1",NA
"2327",NA,"C9orf72",NA
"2328",NA,"Atl3",NA
"2329",NA,"Cxcr4",NA
"2330",NA,"Parp11",NA
"2331",NA,"Fasn",NA
"2332",NA,"Helb",NA
"2333",NA,"Cit",NA
"2334",NA,"Ctsf",NA
"2335",NA,"Rnasel",NA
"2336",NA,"Rnf122",NA
"2337",NA,"Myg1",NA
"2338",NA,"Gigyf1",NA
"2339",NA,"Asb13",NA
"2340",NA,"Ski",NA
"2341",NA,"Ptch1",NA
"2342",NA,"Evpl",NA
"2343",NA,"Oas1c",NA
"2344",NA,"Ddr1",NA
"2345",NA,"Gm20605",NA
"2346",NA,"Jade2",NA
"2347",NA,"Isoc2b",NA
"2348",NA,"Afap1",NA
"2349",NA,"Fcer1g",NA
"2350",NA,"Trmt12",NA
"2351",NA,"Khnyn",NA
"2352",NA,"Lrif1",NA
"2353",NA,"Cd5l",NA
"2354",NA,"Eva1b",NA
"2355",NA,"Trappc6a",NA
"2356",NA,"Soat1",NA
"2357",NA,"Inpp1",NA
"2358",NA,"Pam16",NA
"2359",NA,"Sfi1",NA
"2360",NA,"Mr1",NA
"2361",NA,"Mib2",NA
"2362",NA,"Pmf1",NA
"2363",NA,"Gadd45a",NA
"2364",NA,"Tpcn1",NA
"2365",NA,"Msl2",NA
"2366",NA,"Sdf2l1",NA
"2367",NA,"Ak4",NA
"2368",NA,"St7l",NA
"2369",NA,"Il18",NA
"2370",NA,"Cpeb2",NA
"2371",NA,"Slc12a6",NA
"2372",NA,"Gtf3c4",NA
"2373",NA,"Mcoln1",NA
"2374",NA,"Ano8",NA
"2375",NA,"Bend3",NA
"2376",NA,"Rcn3",NA
"2377",NA,"Ptpre",NA
"2378",NA,"Mettl8",NA
"2379",NA,"Rtp4",NA
"2380",NA,"Golm1",NA
"2381",NA,"Nhsl1",NA
"2382",NA,"Setd1b",NA
"2383",NA,"Raver2",NA
"2384",NA,"Fam20a",NA
"2385",NA,"Adgrl1",NA
"2386",NA,"Pfdn4",NA
"2387",NA,"Gpn3",NA
"2388",NA,"Il1rn",NA
"2389",NA,"Cep350",NA
"2390",NA,"Tmem268",NA
"2391",NA,"Jrk",NA
"2392",NA,"Hpdl",NA
"2393",NA,"Pcolce2",NA
"2394",NA,"Nars2",NA
"2395",NA,"Uxs1",NA
"2396",NA,"Glrp1",NA
"2397",NA,"Dennd10",NA
"2398",NA,"Trbv13-1",NA
"2399",NA,"Pomt2",NA
"2400",NA,"Klk8",NA
"2401",NA,"Ppargc1b",NA
"2402",NA,"Abcc3",NA
"2403",NA,"Sema4b",NA
"2404",NA,"Tnip3",NA
"2405",NA,"Zfp930",NA
"2406",NA,"Hdac8",NA
"2407",NA,"Clec4a2",NA
"2408",NA,"Btaf1",NA
"2409",NA,"Lrrc45",NA
"2410",NA,"S100a6",NA
"2411",NA,"Slc39a10",NA
"2412",NA,"Gm9844",NA
"2413",NA,"Ak3",NA
"2414",NA,"Phf14",NA
"2415",NA,"Zfp54",NA
"2416",NA,"Polr3g",NA
"2417",NA,"Mettl7a1",NA
"2418",NA,"Dph3",NA
"2419",NA,"Fam53c",NA
"2420",NA,"Cnga1",NA
"2421",NA,"Acot11",NA
"2422",NA,"Ptcd1",NA
"2423",NA,"Mfhas1",NA
"2424",NA,"Dgke",NA
"2425",NA,"Eif2ak3",NA
"2426",NA,"Ehd4",NA
"2427",NA,"Trpm2",NA
"2428",NA,"Rasl11b",NA
"2429",NA,"Dohh",NA
"2430",NA,"Axl",NA
"2431",NA,"Pip5k1c",NA
"2432",NA,"Odad1",NA
"2433",NA,"Btbd11",NA
"2434",NA,"Tsc22d1",NA
"2435",NA,"Trbv15",NA
"2436",NA,"Mxi1",NA
"2437",NA,"Tbc1d16",NA
"2438",NA,"Cpq",NA
"2439",NA,"Zfp106",NA
"2440",NA,"Ifitm10",NA
"2441",NA,"Acox1",NA
"2442",NA,"Cryzl2",NA
"2443",NA,"Tbl1xr1",NA
"2444",NA,"Dand5",NA
"2445",NA,"Pld4",NA
"2446",NA,"Zfp652",NA
"2447",NA,"Rsbn1",NA
"2448",NA,"Iqce",NA
"2449",NA,"Cisd3",NA
"2450",NA,"Cd68",NA
"2451",NA,"Cdc6",NA
"2452",NA,"Mmp15",NA
"2453",NA,"C2cd2l",NA
"2454",NA,"Ubox5",NA
"2455",NA,"Abca3",NA
"2456",NA,"Zfp296",NA
"2457",NA,"Fam133b",NA
"2458",NA,"Il3",NA
"2459",NA,"Slc43a2",NA
"2460",NA,"Atg14",NA
"2461",NA,"Jag2",NA
"2462",NA,"Abcd4",NA
"2463",NA,"Slc9b2",NA
"2464",NA,"Mcee",NA
"2465",NA,"Pfdn2",NA
"2466",NA,"Cpt1a",NA
"2467",NA,"Plekha7",NA
"2468",NA,"Csrnp1",NA
"2469",NA,"Lrrcc1",NA
"2470",NA,"Dnase1l1",NA
"2471",NA,"Epb41l1",NA
"2472",NA,"Phc3",NA
"2473",NA,"Gfpt1",NA
"2474",NA,"Zfp260",NA
"2475",NA,"Il2",NA
"2476",NA,"Inpp5e",NA
"2477",NA,"Arc",NA
"2478",NA,"Zfp748",NA
"2479",NA,"Pira12",NA
"2480",NA,"Spred1",NA
"2481",NA,"Dlgap5",NA
"2482",NA,"Polr3e",NA
"2483",NA,"Plekhm3",NA
"2484",NA,"Clec1b",NA
"2485",NA,"Trbv13-3",NA
"2486",NA,"Il17a",NA
"2487",NA,"Wdfy1",NA
"2488",NA,"Trmt5",NA
"2489",NA,"Slc27a1",NA
"2490",NA,"Lpcat2",NA
"2491",NA,"Hint1",NA
"2492",NA,"Naglu",NA
"2493",NA,"Zfp365",NA
"2494",NA,"Trib3",NA
"2495",NA,"Otud4",NA
"2496",NA,"Mapkapk2",NA
"2497",NA,"Cyp4v3",NA
"2498",NA,"Ccdc28a",NA
"2499",NA,"Lgals4",NA
"2500",NA,"Impa2",NA
"2501",NA,"Snrnp35",NA
"2502",NA,"Mblac2",NA
"2503",NA,"Rnpepl1",NA
"2504",NA,"Kif15",NA
"2505",NA,"Fbxl4",NA
"2506",NA,"Trbv14",NA
"2507",NA,"Igf2r",NA
"2508",NA,"Tnfsf14",NA
"2509",NA,"Ctu1",NA
"2510",NA,"Lman1",NA
"2511",NA,"Sfmbt1",NA
"2512",NA,"Zfp740",NA
"2513",NA,"Sesn2",NA
"2514",NA,"Gm35315",NA
"2515",NA,"Iqgap2",NA
"2516",NA,"Casp7",NA
"2517",NA,"Aar2",NA
"2518",NA,"9930022D16Rik",NA
"2519",NA,"Fam168a",NA
"2520",NA,"Arsa",NA
"2521",NA,"Stk38l",NA
"2522",NA,"Med12",NA
"2523",NA,"Siae",NA
"2524",NA,"Thoc6",NA
"2525",NA,"Hspa13",NA
"2526",NA,"Thap4",NA
"2527",NA,"Itgb8",NA
"2528",NA,"Lins1",NA
"2529",NA,"Ppm1j",NA
"2530",NA,"9130401M01Rik",NA
"2531",NA,"Wdr11",NA
"2532",NA,"Uvssa",NA
"2533",NA,"Zfp395",NA
"2534",NA,"Fmo5",NA
"2535",NA,"9430015G10Rik",NA
"2536",NA,"Zfp710",NA
"2537",NA,"Ascc2",NA
"2538",NA,"Aph1b",NA
"2539",NA,"Ttc7b",NA
"2540",NA,"Paqr8",NA
"2541",NA,"Mark2",NA
"2542",NA,"Tmx4",NA
"2543",NA,"Homer1",NA
"2544",NA,"Gk",NA
"2545",NA,"Slc8b1",NA
"2546",NA,"Ercc5",NA
"2547",NA,"Klhl25",NA
"2548",NA,"Mical1",NA
"2549",NA,"Basp1",NA
"2550",NA,"Prmt9",NA
"2551",NA,"Nr1h3",NA
"2552",NA,"Lyz2",NA
"2553",NA,"Zfp414",NA
"2554",NA,"Rexo5",NA
"2555",NA,"Fkrp",NA
"2556",NA,"Atf6",NA
"2557",NA,"Synpo",NA
"2558",NA,"Map3k1",NA
"2559",NA,"Zfp322a",NA
"2560",NA,"P2ry12",NA
"2561",NA,"Tmem35a",NA
"2562",NA,"2700097O09Rik",NA
"2563",NA,"Ccdc125",NA
"2564",NA,"Susd1",NA
"2565",NA,"Tex45",NA
"2566",NA,"Angptl2",NA
"2567",NA,"Zscan22",NA
"2568",NA,"Zc3h4",NA
"2569",NA,"H4c14",NA
"2570",NA,"Kcna2",NA
"2571",NA,"Tep1",NA
"2572",NA,"Usp53",NA
"2573",NA,"E2f5",NA
"2574",NA,"H2bc21",NA
"2575",NA,"Uxt",NA
"2576",NA,"Comtd1",NA
"2577",NA,"Dus4l",NA
"2578",NA,"Nqo2",NA
"2579",NA,"Ccdc126",NA
"2580",NA,"Rundc3a",NA
"2581",NA,"Crip2",NA
"2582",NA,"Mief2",NA
"2583",NA,"Atg10",NA
"2584",NA,"Mmachc",NA
"2585",NA,"Rufy3",NA
"2586",NA,"Trim34a",NA
"2587",NA,"2700049A03Rik",NA
"2588",NA,"Crebl2",NA
"2589",NA,"Ormdl2",NA
"2590",NA,"Plppr3",NA
"2591",NA,"Cln8",NA
"2592",NA,"Map3k4",NA
"2593",NA,"Retreg3",NA
"2594",NA,"Cela1",NA
"2595",NA,"Gpr141",NA
"2596",NA,"Itgae",NA
"2597",NA,"Gadd45gip1",NA
"2598",NA,"Mrpl44",NA
"2599",NA,"Gpr35",NA
"2600",NA,"Pabpc4",NA
"2601",NA,"Metap1d",NA
"2602",NA,"Pdgfb",NA
"2603",NA,"Ccrl2",NA
"2604",NA,"Zfp683",NA
"2605",NA,"Herc6",NA
"2606",NA,"Commd5",NA
"2607",NA,"Oma1",NA
"2608",NA,"Tlr7",NA
"2609",NA,"Polr2i",NA
"2610",NA,"Ldlr",NA
"2611",NA,"Ppp1r3f",NA
"2612",NA,"Dhx34",NA
"2613",NA,"Cd34",NA
"2614",NA,"Lpin1",NA
"2615",NA,"Arsb",NA
"2616",NA,"Nek8",NA
"2617",NA,"Stk24",NA
"2618",NA,"Sdc3",NA
"2619",NA,"Ugdh",NA
"2620",NA,"Plcg1",NA
"2621",NA,"Tshz1",NA
"2622",NA,"Zfp566",NA
"2623",NA,"Aif1",NA
"2624",NA,"Rsad1",NA
"2625",NA,"Pygl",NA
"2626",NA,"Wdr83os",NA
"2627",NA,"Eid2",NA
"2628",NA,"Tfr2",NA
"2629",NA,"Zfp775",NA
"2630",NA,"Rpp40",NA
"2631",NA,"Syp",NA
"2632",NA,"Bcl7a",NA
"2633",NA,"4930522L14Rik",NA
"2634",NA,"Rragb",NA
"2635",NA,"Hirip3",NA
"2636",NA,"Mphosph8",NA
"2637",NA,"Rap1gap2",NA
"2638",NA,"Slc19a2",NA
"2639",NA,"Hk3",NA
"2640",NA,"Cdkn2c",NA
"2641",NA,"Rreb1",NA
"2642",NA,"Trappc8",NA
"2643",NA,"Xpo5",NA
"2644",NA,"Cd74",NA
"2645",NA,"Ccdc50",NA
"2646",NA,"Tango2",NA
"2647",NA,"Pwp2",NA
"2648",NA,"Dis3l",NA
"2649",NA,"C3",NA
"2650",NA,"Ogfod1",NA
"2651",NA,"Slc7a3",NA
"2652",NA,"Fbxl8",NA
"2653",NA,"Xkrx",NA
"2654",NA,"Sh2d1a",NA
"2655",NA,"Pacs2",NA
"2656",NA,"Ntn1",NA
"2657",NA,"Cradd",NA
"2658",NA,"C2cd3",NA
"2659",NA,"Mfap1a",NA
"2660",NA,"Slc41a3",NA
"2661",NA,"Unc5a",NA
"2662",NA,"Lrrc61",NA
"2663",NA,"Stk40",NA
"2664",NA,"Arap1",NA
"2665",NA,"Cd302",NA
"2666",NA,"Ccdc92",NA
"2667",NA,"Naaa",NA
"2668",NA,"Ndc80",NA
"2669",NA,"Selenbp1",NA
"2670",NA,"Coq4",NA
"2671",NA,"Fem1a",NA
"2672",NA,"Champ1",NA
"2673",NA,"Ift172",NA
"2674",NA,"Tmem38b",NA
"2675",NA,"Fastkd1",NA
"2676",NA,"Stk39",NA
"2677",NA,"Dnaja4",NA
"2678",NA,"Txndc16",NA
"2679",NA,"Nme4",NA
"2680",NA,"Bank1",NA
"2681",NA,"Apex2",NA
"2682",NA,"Pias3",NA
"2683",NA,"Aida",NA
"2684",NA,"Adcy6",NA
"2685",NA,"Tm6sf1",NA
"2686",NA,"Atg9a",NA
"2687",NA,"Dntt",NA
"2688",NA,"Ndufb4",NA
"2689",NA,"Fpr1",NA
"2690",NA,"Acsf2",NA
"2691",NA,"Dennd4a",NA
"2692",NA,"Nup205",NA
"2693",NA,"Trmt10a",NA
"2694",NA,"Trim37",NA
"2695",NA,"Armcx5",NA
"2696",NA,"Bmt2",NA
"2697",NA,"Wdr91",NA
"2698",NA,"Zxdc",NA
"2699",NA,"Akap1",NA
"2700",NA,"Emc8",NA
"2701",NA,"Slc29a3",NA
"2702",NA,"Syne1",NA
"2703",NA,"Med7",NA
"2704",NA,"Cd99l2",NA
"2705",NA,"Zfpm1",NA
"2706",NA,"Ip6k1",NA
"2707",NA,"Dnmbp",NA
"2708",NA,"Tnfsf11",NA
"2709",NA,"Faap24",NA
"2710",NA,"Vps13c",NA
"2711",NA,"Siglecg",NA
"2712",NA,"Dpm1",NA
"2713",NA,"Nup210",NA
"2714",NA,"Kpna4",NA
"2715",NA,"Mllt11",NA
"2716",NA,"Pemt",NA
"2717",NA,"Uty",NA
"2718",NA,"Uhrf1bp1",NA
"2719",NA,"Spo11",NA
"2720",NA,"Acaca",NA
"2721",NA,"Rapgef2",NA
"2722",NA,"Stx17",NA
"2723",NA,"Brf2",NA
"2724",NA,"Ermard",NA
"2725",NA,"Ifit1",NA
"2726",NA,"Hspa1b",NA
"2727",NA,"Slc25a24",NA
"2728",NA,"Cpd",NA
"2729",NA,"Klrd1",NA
"2730",NA,"Alg2",NA
"2731",NA,"Fastkd5",NA
"2732",NA,"Pde7a",NA
"2733",NA,"Tbc1d9b",NA
"2734",NA,"Tceal9",NA
"2735",NA,"Tmem68",NA
"2736",NA,"Ggt1",NA
"2737",NA,"Dpcd",NA
"2738",NA,"Camta2",NA
"2739",NA,"Samd8",NA
"2740",NA,"Snx29",NA
"2741",NA,"Smco4",NA
"2742",NA,"Helz",NA
"2743",NA,"Cfp",NA
"2744",NA,"Nin",NA
"2745",NA,"Ccdc91",NA
"2746",NA,"Ap1m2",NA
"2747",NA,"Paqr9",NA
"2748",NA,"Lzts1",NA
"2749",NA,"Itgb5",NA
"2750",NA,"Pex11a",NA
"2751",NA,"Nr1d2",NA
"2752",NA,"Map7d1",NA
"2753",NA,"Capn3",NA
"2754",NA,"Myo1f",NA
"2755",NA,"H1f4",NA
"2756",NA,"Zbtb10",NA
"2757",NA,"Tmem229b",NA
"2758",NA,"Mx2",NA
"2759",NA,"Mx1",NA
"2760",NA,"Zfp677",NA
"2761",NA,"Ncapd2",NA
"2762",NA,"Hic1",NA
"2763",NA,"Top1mt",NA
"2764",NA,"Tmem106c",NA
"2765",NA,"Ppp2r5b",NA
"2766",NA,"Art5",NA
"2767",NA,"Arhgap26",NA
"2768",NA,"Jup",NA
"2769",NA,"Tnni3",NA
"2770",NA,"Tnfrsf22",NA
"2771",NA,"Ppp1r9b",NA
"2772",NA,"Gabbr1",NA
"2773",NA,"Fggy",NA
"2774",NA,"Lair1",NA
"2775",NA,"Rbm12",NA
"2776",NA,"Acads",NA
"2777",NA,"Nav2",NA
"2778",NA,"Ppp1r16a",NA
"2779",NA,"Mafb",NA
"2780",NA,"Zfp141",NA
"2781",NA,"Fcmr",NA
"2782",NA,"Parp4",NA
"2783",NA,"Mpeg1",NA
"2784",NA,"Tigit",NA
"2785",NA,"Itgal",NA
"2786",NA,"Acvr2a",NA
"2787",NA,"Dars2",NA
"2788",NA,"Drc1",NA
"2789",NA,"Pdlim7",NA
"2790",NA,"Tom1",NA
"2791",NA,"Spef2",NA
"2792",NA,"Immp2l",NA
"2793",NA,"Pik3cg",NA
"2794",NA,"Hs1bp3",NA
"2795",NA,"Trim33",NA
"2796",NA,"Atf3",NA
"2797",NA,"Brpf3",NA
"2798",NA,"Ccdc116",NA
"2799",NA,"P2ry2",NA
"2800",NA,"Adat2",NA
"2801",NA,"H4c3",NA
"2802",NA,"Acox3",NA
"2803",NA,"Atp13a2",NA
"2804",NA,"Map3k5",NA
"2805",NA,"Akap12",NA
"2806",NA,"Gpt",NA
"2807",NA,"Map1b",NA
"2808",NA,"Cplane1",NA
"2809",NA,"Zfp12",NA
"2810",NA,"H2ac20",NA
"2811",NA,"She",NA
"2812",NA,"Rasgrp4",NA
"2813",NA,"Gtf2h4",NA
"2814",NA,"St8sia1",NA
"2815",NA,"Pigv",NA
"2816",NA,"Ckap5",NA
"2817",NA,"Slc2a3",NA
"2818",NA,"Pgap1",NA
"2819",NA,"Slc66a2",NA
"2820",NA,"Pex14",NA
"2821",NA,"Rec8",NA
"2822",NA,"Polr3gl",NA
"2823",NA,"Abca1",NA
"2824",NA,"Rpgrip1",NA
"2825",NA,"Cbx2",NA
"2826",NA,"1190007I07Rik",NA
"2827",NA,"Tnfsf4",NA
"2828",NA,"Cd300a",NA
"2829",NA,"Ap3s2",NA
"2830",NA,"Crtap",NA
"2831",NA,"Nkx1-1",NA
"2832",NA,"Acpp",NA
"2833",NA,"Plxdc1",NA
"2834",NA,"Gm10131",NA
"2835",NA,"Trbv12-1",NA
"2836",NA,"Elp1",NA
"2837",NA,"Chchd1",NA
"2838",NA,"Frat1",NA
"2839",NA,"Ly86",NA
"2840",NA,"Clspn",NA
"2841",NA,"Kat6b",NA
"2842",NA,"Mast4",NA
"2843",NA,"Xpa",NA
"2844",NA,"Vwa5a",NA
"2845",NA,"Gse1",NA
"2846",NA,"Med18",NA
"2847",NA,"Cd200r3",NA
"2848",NA,"Gpsm2",NA
"2849",NA,"Trps1",NA
"2850",NA,"Col11a2",NA
"2851",NA,"Cdc25a",NA
"2852",NA,"Dhx57",NA
"2853",NA,"Scap",NA
"2854",NA,"Pan2",NA
"2855",NA,"Rrp12",NA
"2856",NA,"Tmem86a",NA
"2857",NA,"Sipa1l2",NA
"2858",NA,"Fsd2",NA
"2859",NA,"Il10ra",NA
"2860",NA,"Sp4",NA
"2861",NA,"Usp32",NA
"2862",NA,"Slc10a7",NA
"2863",NA,"Lamc2",NA
"2864",NA,"Phf2",NA
"2865",NA,"Xdh",NA
"2866",NA,"Casp9",NA
"2867",NA,"Pou2f1",NA
"2868",NA,"Aldh6a1",NA
"2869",NA,"Ano6",NA
"2870",NA,"Hcfc1r1",NA
"2871",NA,"Acsbg1",NA
"2872",NA,"Bend4",NA
"2873",NA,"App",NA
"2874",NA,"Rnf135",NA
"2875",NA,"Fahd1",NA
"2876",NA,"Lrrc57",NA
"2877",NA,"Apoo",NA
"2878",NA,"Nckap5l",NA
"2879",NA,"Klhl18",NA
"2880",NA,"Hltf",NA
"2881",NA,"Mknk2",NA
"2882",NA,"Sdccag8",NA
"2883",NA,"Tmem170b",NA
"2884",NA,"Tcf20",NA
"2885",NA,"Zmym6",NA
"2886",NA,"Baiap3",NA
"2887",NA,"Ctsh",NA
"2888",NA,"Rfx8",NA
"2889",NA,"Casp4",NA
"2890",NA,"Tpk1",NA
"2891",NA,"Cenpb",NA
"2892",NA,"Sco1",NA
"2893",NA,"Susd3",NA
"2894",NA,"Hipk3",NA
"2895",NA,"Sorbs1",NA
"2896",NA,"Eif2s3x",NA
"2897",NA,"Lilrb4b",NA
"2898",NA,"Socs5",NA
"2899",NA,"Scd2",NA
"2900",NA,"Ppip5k2",NA
"2901",NA,"Myadm",NA
"2902",NA,"Prpf40b",NA
"2903",NA,"Depdc1b",NA
"2904",NA,"Trim36",NA
"2905",NA,"Cldn10",NA
"2906",NA,"Icosl",NA
"2907",NA,"Rxra",NA
"2908",NA,"C1galt1c1",NA
"2909",NA,"Spire1",NA
"2910",NA,"Ccr10",NA
"2911",NA,"Car2",NA
"2912",NA,"Phf12",NA
"2913",NA,"Cep72",NA
"2914",NA,"Fam222a",NA
"2915",NA,"Mdm1",NA
"2916",NA,"Mrtfb",NA
"2917",NA,"Ccdc141",NA
"2918",NA,"Rev3l",NA
"2919",NA,"Mms22l",NA
"2920",NA,"Rgl1",NA
"2921",NA,"Bmp7",NA
"2922",NA,"Dnajb13",NA
"2923",NA,"Fads6",NA
"2924",NA,"Dnase1l3",NA
"2925",NA,"Klhl21",NA
"2926",NA,"Nacc1",NA
"2927",NA,"Calhm6",NA
"2928",NA,"Map7",NA
"2929",NA,"Osbpl7",NA
"2930",NA,"Hspa12a",NA
"2931",NA,"Hacd4",NA
"2932",NA,"Apol8",NA
"2933",NA,"Slc25a30",NA
"2934",NA,"Fan1",NA
"2935",NA,"Poglut2",NA
"2936",NA,"Sirpb1a",NA
"2937",NA,"Timm10b",NA
"2938",NA,"Ifit3",NA
"2939",NA,"Wdr7",NA
"2940",NA,"Myo1c",NA
"2941",NA,"Ptrh1",NA
"2942",NA,"Grm6",NA
"2943",NA,"Lrp1",NA
"2944",NA,"Sirt5",NA
"2945",NA,"Glis3",NA
"2946",NA,"Ubd",NA
"2947",NA,"Trim68",NA
"2948",NA,"Gatm",NA
"2949",NA,"Fra10ac1",NA
"2950",NA,"Frrs1",NA
"2951",NA,"Zfp931",NA
"2952",NA,"Naif1",NA
"2953",NA,"H2-Ab1",NA
"2954",NA,"Armh3",NA
"2955",NA,"Kansl1l",NA
"2956",NA,"Phka2",NA
"2957",NA,"Dnai3",NA
"2958",NA,"Dusp8",NA
"2959",NA,"Pfkm",NA
"2960",NA,"Stoml1",NA
"2961",NA,"Zfp268",NA
"2962",NA,"Fbxw4",NA
"2963",NA,"H2-Oa",NA
"2964",NA,"Slc16a10",NA
"2965",NA,"Lancl3",NA
"2966",NA,"Lrig1",NA
"2967",NA,"2610008E11Rik",NA
"2968",NA,"Tg",NA
"2969",NA,"Ap5s1",NA
"2970",NA,"Cand2",NA
"2971",NA,"Heatr5a",NA
"2972",NA,"Oas3",NA
"2973",NA,"Procr",NA
"2974",NA,"Accs",NA
"2975",NA,"Tnfrsf10b",NA
"2976",NA,"Slc26a10",NA
"2977",NA,"Ncoa1",NA
"2978",NA,"Pheta1",NA
"2979",NA,"Nek6",NA
"2980",NA,"Hcar2",NA
"2981",NA,"Flt3",NA
"2982",NA,"Ikzf2",NA
"2983",NA,"B430306N03Rik",NA
"2984",NA,"Alg12",NA
"2985",NA,"Zfp579",NA
"2986",NA,"Pierce2",NA
"2987",NA,"Zfp937",NA
"2988",NA,"L2hgdh",NA
"2989",NA,"Mgst1",NA
"2990",NA,"Exo1",NA
"2991",NA,"Pigf",NA
"2992",NA,"Anxa2",NA
"2993",NA,"Tgtp1",NA
"2994",NA,"Grik5",NA
"2995",NA,"Sec61a2",NA
"2996",NA,"Tbc1d30",NA
"2997",NA,"9130019O22Rik",NA
"2998",NA,"Adora2b",NA
"2999",NA,"Itih5",NA
"3000",NA,"Slc22a17",NA
"3001",NA,"Wrn",NA
"3002",NA,"Elac1",NA
"3003",NA,"Lmntd2",NA
"3004",NA,"Cep44",NA
"3005",NA,"Galm",NA
"3006",NA,"Pla2g2d",NA
"3007",NA,"Trim10",NA
"3008",NA,"Fnip2",NA
"3009",NA,"Naf1",NA
"3010",NA,"Tjp3",NA
"3011",NA,"Mcrip2",NA
"3012",NA,"Ankrd55",NA
"3013",NA,"Smim40",NA
"3014",NA,"Myh10",NA
"3015",NA,"Gen1",NA
"3016",NA,"H6pd",NA
"3017",NA,"Zfp30",NA
"3018",NA,"Pirb",NA
"3019",NA,"Katnbl1",NA
"3020",NA,"Tcf19",NA
"3021",NA,"Plcb4",NA
"3022",NA,"Cptp",NA
"3023",NA,"Cbx3",NA
"3024",NA,"Adgrb2",NA
"3025",NA,"Trgv1",NA
"3026",NA,"Ncr1",NA
"3027",NA,"Ankmy2",NA
"3028",NA,"2810021J22Rik",NA
"3029",NA,"Ifi207",NA
"3030",NA,"Arhgef11",NA
"3031",NA,"Tyw3",NA
"3032",NA,"Cgas",NA
"3033",NA,"Fhip2b",NA
"3034",NA,"Rnaseh2b",NA
"3035",NA,"Ube2cbp",NA
"3036",NA,"Alox8",NA
"3037",NA,"Nup62cl",NA
"3038",NA,"Usp37",NA
"3039",NA,"Ggta1",NA
"3040",NA,"Susd4",NA
"3041",NA,"Col14a1",NA
"3042",NA,"Unc5cl",NA
"3043",NA,"Ttll3",NA
"3044",NA,"Ksr1",NA
"3045",NA,"Cnksr3",NA
"3046",NA,"Zfp771",NA
"3047",NA,"Ndufaf2",NA
"3048",NA,"Smim24",NA
"3049",NA,"Trgc1",NA
"3050",NA,"Ubqln2",NA
"3051",NA,"H2-DMb2",NA
"3052",NA,"Pxmp2",NA
"3053",NA,"Kbtbd7",NA
"3054",NA,"H1f3",NA
"3055",NA,"Haus5",NA
"3056",NA,"Mrps25",NA
"3057",NA,"Slc25a37",NA
"3058",NA,"Fgd3",NA
"3059",NA,"Tspyl4",NA
"3060",NA,"Acad12",NA
"3061",NA,"Cd244a",NA
"3062",NA,"Ccr3",NA
"3063",NA,"Rrm2",NA
"3064",NA,"Slc11a1",NA
"3065",NA,"Car11",NA
"3066",NA,"Cass4",NA
"3067",NA,"Tbkbp1",NA
"3068",NA,"Klra8",NA
"3069",NA,"Tmem94",NA
"3070",NA,"Ampd2",NA
"3071",NA,"Rtel1",NA
"3072",NA,"Kcnrg",NA
"3073",NA,"Tmem177",NA
"3074",NA,"H1f1",NA
"3075",NA,"Zfp958",NA
"3076",NA,"F2rl1",NA
"3077",NA,"Slc25a26",NA
"3078",NA,"Fbxl22",NA
"3079",NA,"Dcaf6",NA
"3080",NA,"Ly6i",NA
"3081",NA,"Rwdd2b",NA
"3082",NA,"Ifi44",NA
"3083",NA,"Ccdc162",NA
"3084",NA,"Col23a1",NA
"3085",NA,"Mtmr10",NA
"3086",NA,"Mroh1",NA
"3087",NA,"Hrh2",NA
"3088",NA,"Pprc1",NA
"3089",NA,"Clec4d",NA
"3090",NA,"Zmat1",NA
"3091",NA,"Zfand1",NA
"3092",NA,"Clstn1",NA
"3093",NA,"Poll",NA
"3094",NA,"Gata1",NA
"3095",NA,"Abtb2",NA
"3096",NA,"Thsd1",NA
"3097",NA,"Trav3-3",NA
"3098",NA,"Pparg",NA
"3099",NA,"Kif23",NA
"3100",NA,"Wnt5b",NA
"3101",NA,"Zfp189",NA
"3102",NA,"Palm",NA
"3103",NA,"Nipal3",NA
"3104",NA,"Ankrd13b",NA
"3105",NA,"Nup155",NA
"3106",NA,"Prdm10",NA
"3107",NA,"Urb1",NA
"3108",NA,"Fam161a",NA
"3109",NA,"Cyp39a1",NA
"3110",NA,"Ms4a4d",NA
"3111",NA,"Lyn",NA
"3112",NA,"Tbck",NA
"3113",NA,"Slc25a27",NA
"3114",NA,"St3gal3",NA
"3115",NA,"Adgrg5",NA
"3116",NA,"Anxa11",NA
"3117",NA,"Fzd3",NA
"3118",NA,"Srsf12",NA
"3119",NA,"Samd14",NA
"3120",NA,"H2-DMb1",NA
"3121",NA,"Grhl1",NA
"3122",NA,"Fcho2",NA
"3123",NA,"Camkmt",NA
"3124",NA,"Naa80",NA
"3125",NA,"Pifo",NA
"3126",NA,"Itgb3bp",NA
"3127",NA,"Inf2",NA
"3128",NA,"Gngt2",NA
"3129",NA,"Ccpg1",NA
"3130",NA,"Shld2",NA
"3131",NA,"Zfp473",NA
"3132",NA,"Trav14-1",NA
"3133",NA,"Rdh13",NA
"3134",NA,"Car1",NA
"3135",NA,"Ntrk1",NA
"3136",NA,"Arsg",NA
"3137",NA,"Stx1a",NA
"3138",NA,"Mrgpre",NA
"3139",NA,"Sulf2",NA
"3140",NA,"Optn",NA
"3141",NA,"Sec16b",NA
"3142",NA,"Btbd8",NA
"3143",NA,"Enpp5",NA
"3144",NA,"Atxn3",NA
"3145",NA,"Rogdi",NA
"3146",NA,"Pgm2l1",NA
"3147",NA,"Slc7a4",NA
"3148",NA,"Kbtbd8",NA
"3149",NA,"Creb3l1",NA
"3150",NA,"Rell1",NA
"3151",NA,"Cibar1",NA
"3152",NA,"Thg1l",NA
"3153",NA,"Akr1c13",NA
"3154",NA,"Lmo4",NA
"3155",NA,"Ncapd3",NA
"3156",NA,"Oasl1",NA
"3157",NA,"Atp2b4",NA
"3158",NA,"Usp22",NA
"3159",NA,"Slamf8",NA
"3160",NA,"Rrm2b",NA
"3161",NA,"Pmaip1",NA
"3162",NA,"Mocs1",NA
"3163",NA,"Cnnm2",NA
"3164",NA,"Akr1b10",NA
"3165",NA,"Ptprm",NA
"3166",NA,"Tubb1",NA
"3167",NA,"Cuedc1",NA
"3168",NA,"Calhm2",NA
"3169",NA,"Cdr2l",NA
"3170",NA,"Brca1",NA
"3171",NA,"Spata2l",NA
"3172",NA,"Ccdc85c",NA
"3173",NA,"Zfp940",NA
"3174",NA,"Gm6377",NA
"3175",NA,"Hspb11",NA
"3176",NA,"2810408A11Rik",NA
"3177",NA,"Tmem51",NA
"3178",NA,"Hmgb3",NA
"3179",NA,"Kif22",NA
"3180",NA,"Clec12a",NA
"3181",NA,"Nebl",NA
"3182",NA,"Tmem91",NA
"3183",NA,"Rnase6",NA
"3184",NA,"Mycl",NA
"3185",NA,"H2-Aa",NA
"3186",NA,"Lonrf3",NA
"3187",NA,"Snai3",NA
"3188",NA,"Gata2",NA
"3189",NA,"Pla2g6",NA
"3190",NA,"Rnf113a1",NA
"3191",NA,"Vangl2",NA
"3192",NA,"Cenpl",NA
"3193",NA,"Fbxw10",NA
"3194",NA,"H2-Q10",NA
"3195",NA,"Ikzf4",NA
"3196",NA,"Slc25a13",NA
"3197",NA,"Slc29a2",NA
"3198",NA,"Ctc1",NA
"3199",NA,"Zbtb8a",NA
"3200",NA,"Il9r",NA
"3201",NA,"Abhd15",NA
"3202",NA,"Rftn2",NA
"3203",NA,"Krba1",NA
"3204",NA,"Rasgrf2",NA
"3205",NA,"Haao",NA
"3206",NA,"Birc5",NA
"3207",NA,"Perm1",NA
"3208",NA,"Tmem221",NA
"3209",NA,"Rtl8b",NA
"3210",NA,"Ttc30a1",NA
"3211",NA,"Ccdc57",NA
"3212",NA,"Zc3h6",NA
"3213",NA,"Diaph2",NA
"3214",NA,"Smad3",NA
"3215",NA,"Iqsec1",NA
"3216",NA,"Mocos",NA
"3217",NA,"Slc26a8",NA
"3218",NA,"Rps6ka5",NA
"3219",NA,"Cbfa2t3",NA
"3220",NA,"Tmem241",NA
"3221",NA,"Fhod1",NA
"3222",NA,"Adamts6",NA
"3223",NA,"Rab5b",NA
"3224",NA,"Dleu7",NA
"3225",NA,"Gm10053",NA
"3226",NA,"Inppl1",NA
"3227",NA,"Cercam",NA
"3228",NA,"Dnaaf9",NA
"3229",NA,"Git1",NA
"3230",NA,"Col27a1",NA
"3231",NA,"Igsf6",NA
"3232",NA,"Timd4",NA
"3233",NA,"Fjx1",NA
"3234",NA,"Hfe",NA
"3235",NA,"Ttll5",NA
"3236",NA,"Unc13a",NA
"3237",NA,"Ube2t",NA
"3238",NA,"Mgll",NA
"3239",NA,"Lmo2",NA
"3240",NA,"Usf2",NA
"3241",NA,"Elovl7",NA
"3242",NA,"Lmln",NA
"3243",NA,"Gas2l1",NA
"3244",NA,"Pilrb1",NA
"3245",NA,"Hck",NA
"3246",NA,"Ptprk",NA
"3247",NA,"H3c6",NA
"3248",NA,"Plxnc1",NA
"3249",NA,"Fanci",NA
"3250",NA,"Ift81",NA
"3251",NA,"Tmem231",NA
"3252",NA,"Mpv17",NA
"3253",NA,"Slc12a8",NA
"3254",NA,"Fdps",NA
"3255",NA,"Ahr",NA
"3256",NA,"Tesk2",NA
"3257",NA,"Gdf15",NA
"3258",NA,"Pbx2",NA
"3259",NA,"Ccdc163",NA
"3260",NA,"Arhgef10",NA
"3261",NA,"Trbd2",NA
"3262",NA,"Cd38",NA
"3263",NA,"B3gnt5",NA
"3264",NA,"Slc16a13",NA
"3265",NA,"Manea",NA
"3266",NA,"Ms4a6c",NA
"3267",NA,"Wee1",NA
"3268",NA,"Insyn2b",NA
"3269",NA,"Exoc3l",NA
"3270",NA,"Tmem156",NA
"3271",NA,"Kcns1",NA
"3272",NA,"Cir1",NA
"3273",NA,"Mctp2",NA
"3274",NA,"Jade3",NA
"3275",NA,"Sepsecs",NA
"3276",NA,"Tlr2",NA
"3277",NA,"Zfp202",NA
"3278",NA,"Plagl1",NA
"3279",NA,"Ctdspl",NA
"3280",NA,"Fbxo5",NA
"3281",NA,"Zfp810",NA
"3282",NA,"H4c4",NA
"3283",NA,"Eid3",NA
"3284",NA,"Npnt",NA
"3285",NA,"Arhgap10",NA
"3286",NA,"Mlh3",NA
"3287",NA,"Rasal1",NA
"3288",NA,"Bend5",NA
"3289",NA,"Zbtb6",NA
"3290",NA,"Plcl1",NA
"3291",NA,"Cfap54",NA
"3292",NA,"Gca",NA
"3293",NA,"Dkkl1",NA
"3294",NA,"Wdr6",NA
"3295",NA,"Irak3",NA
"3296",NA,"Snx9",NA
"3297",NA,"Tceal3",NA
"3298",NA,"Tubg2",NA
"3299",NA,"Grifin",NA
"3300",NA,"Dnajc6",NA
"3301",NA,"Epb41l4b",NA
"3302",NA,"Pkn3",NA
"3303",NA,"Prr12",NA
"3304",NA,"Nedd4",NA
"3305",NA,"Myo7a",NA
"3306",NA,"Clec4a1",NA
"3307",NA,"Dock4",NA
"3308",NA,"Ptgfrn",NA
"3309",NA,"Urb2",NA
"3310",NA,"Luzp1",NA
"3311",NA,"Rd3",NA
"3312",NA,"Hacl1",NA
"3313",NA,"Map3k12",NA
"3314",NA,"Nadsyn1",NA
"3315",NA,"Brdt",NA
"3316",NA,"Mmp9",NA
"3317",NA,"Mbd5",NA
"3318",NA,"Psmc3ip",NA
"3319",NA,"Dcun1d4",NA
"3320",NA,"Aldh3b1",NA
"3321",NA,"Prnp",NA
"3322",NA,"Kctd14",NA
"3323",NA,"Abcb1a",NA
"3324",NA,"Lingo4",NA
"3325",NA,"Prss12",NA
"3326",NA,"Ccdc34",NA
"3327",NA,"Per2",NA
"3328",NA,"Ccnb2",NA
"3329",NA,"Cd300lf",NA
"3330",NA,"Ap5b1",NA
"3331",NA,"Clasp2",NA
"3332",NA,"Mmp14",NA
"3333",NA,"Cpa3",NA
"3334",NA,"Bmf",NA
"3335",NA,"Ccr5",NA
"3336",NA,"Nav1",NA
"3337",NA,"Ppip5k1",NA
"3338",NA,"Syt13",NA
"3339",NA,"Fer",NA
"3340",NA,"Adat1",NA
"3341",NA,"Trip6",NA
"3342",NA,"Blnk",NA
"3343",NA,"Ighv5-17",NA
"3344",NA,"Ifitm6",NA
"3345",NA,"Il10",NA
"3346",NA,"Il1r1",NA
"3347",NA,"H60b",NA
"3348",NA,"Mgmt",NA
"3349",NA,"Gbp2b",NA
"3350",NA,"Flnb",NA
"3351",NA,"A430033K04Rik",NA
"3352",NA,"Rsph1",NA
"3353",NA,"Arhgap18",NA
"3354",NA,"Zfp61",NA
"3355",NA,"Xylt1",NA
"3356",NA,"Pccb",NA
"3357",NA,"Akt3",NA
"3358",NA,"Mllt1",NA
"3359",NA,"Serpinb6b",NA
"3360",NA,"Sema4d",NA
"3361",NA,"Gm14295",NA
"3362",NA,"Tm7sf2",NA
"3363",NA,"Proser3",NA
"3364",NA,"D130040H23Rik",NA
"3365",NA,"Rprd1a",NA
"3366",NA,"Fam122b",NA
"3367",NA,"Rtl8c",NA
"3368",NA,"Dnajc28",NA
"3369",NA,"Pik3ap1",NA
"3370",NA,"Clec11a",NA
"3371",NA,"Rab31",NA
"3372",NA,"Trgc2",NA
"3373",NA,"BC049715",NA
"3374",NA,"Dnah12",NA
"3375",NA,"Smim26",NA
"3376",NA,"Hyls1",NA
"3377",NA,"Thnsl2",NA
"3378",NA,"Mgat4a",NA
"3379",NA,"Syngr1",NA
"3380",NA,"Tsen15",NA
"3381",NA,"Elmo3",NA
"3382",NA,"Enpp1",NA
"3383",NA,"Lrrn3",NA
"3384",NA,"Fam151b",NA
"3385",NA,"Acvr1b",NA
"3386",NA,"Rfx2",NA
"3387",NA,"Auts2",NA
"3388",NA,"Osbpl5",NA
"3389",NA,"Dynlt1f",NA
"3390",NA,"Zbtb42",NA
"3391",NA,"Prlr",NA
"3392",NA,"Eps8l1",NA
"3393",NA,"Exoc6b",NA
"3394",NA,"Mex3b",NA
"3395",NA,"Fbrs",NA
"3396",NA,"Shpk",NA
"3397",NA,"Ppic",NA
"3398",NA,"Dnajb5",NA
"3399",NA,"Samd1",NA
"3400",NA,"Rtl8a",NA
"3401",NA,"Castor2",NA
"3402",NA,"Rom1",NA
"3403",NA,"Dip2a",NA
"3404",NA,"Prdm9",NA
"3405",NA,"Gpd1",NA
"3406",NA,"Afg1l",NA
"3407",NA,"Cage1",NA
"3408",NA,"Trgc4",NA
"3409",NA,"Lrrc6",NA
"3410",NA,"Golm2",NA
"3411",NA,"Plod1",NA
"3412",NA,"Csf2ra",NA
"3413",NA,"Snta1",NA
"3414",NA,"Arhgap29",NA
"3415",NA,"Ckap2",NA
"3416",NA,"Tex15",NA
"3417",NA,"Acad11",NA
"3418",NA,"Zc3h11a",NA
"3419",NA,"Cmtm4",NA
"3420",NA,"Lrp12",NA
"3421",NA,"Morn3",NA
"3422",NA,"Emid1",NA
"3423",NA,"Vcpkmt",NA
"3424",NA,"Atg9b",NA
"3425",NA,"Zpbp2",NA
"3426",NA,"Cttn",NA
"3427",NA,"Myl4",NA
"3428",NA,"2510009E07Rik",NA
"3429",NA,"Cracdl",NA
"3430",NA,"Tcaim",NA
"3431",NA,"Dclk2",NA
"3432",NA,"Rem2",NA
"3433",NA,"Coro2a",NA
"3434",NA,"Spdl1",NA
"3435",NA,"Ppp1r12b",NA
"3436",NA,"Ddc",NA
"3437",NA,"Tmem108",NA
"3438",NA,"Zbtb4",NA
"3439",NA,"Pak4",NA
"3440",NA,"Mroh2a",NA
"3441",NA,"Ighv1-39",NA
"3442",NA,"Fgfrl1",NA
"3443",NA,"Eml1",NA
"3444",NA,"Prelid2",NA
"3445",NA,"Lrba",NA
"3446",NA,"Igkv16-104",NA
"3447",NA,"Epc2",NA
"3448",NA,"Gtf2ird1",NA
"3449",NA,"P4ha2",NA
"3450",NA,"Entpd1",NA
"3451",NA,"Ptprv",NA
"3452",NA,"Ly6k",NA
"3453",NA,"Pclaf",NA
"3454",NA,"Zfyve21",NA
"3455",NA,"Foxo4",NA
"3456",NA,"Atrnl1",NA
"3457",NA,"Snx32",NA
"3458",NA,"Cpeb4",NA
"3459",NA,"Sh3tc1",NA
"3460",NA,"Washc1",NA
"3461",NA,"Bag2",NA
"3462",NA,"Tubal3",NA
"3463",NA,"Zadh2",NA
"3464",NA,"H2-Eb1",NA
"3465",NA,"Traj42",NA
"3466",NA,"Ssx2ip",NA
"3467",NA,"Extl2",NA
"3468",NA,"Stard10",NA
"3469",NA,"Slc38a6",NA
"3470",NA,"Bcorl1",NA
"3471",NA,"Lrch4",NA
"3472",NA,"Trappc2",NA
"3473",NA,"Aqp3",NA
"3474",NA,"Lig3",NA
"3475",NA,"Agap2",NA
"3476",NA,"Timeless",NA
"3477",NA,"Igkv14-126",NA
"3478",NA,"Axin2",NA
"3479",NA,"Trdv2-2",NA
"3480",NA,"Ccn4",NA
"3481",NA,"C8g",NA
"3482",NA,"Dusp28",NA
"3483",NA,"Tefm",NA
"3484",NA,"Clec5a",NA
"3485",NA,"Adamtsl4",NA
"3486",NA,"Ercc6l",NA
"3487",NA,"Oas1b",NA
"3488",NA,"Fahd2a",NA
"3489",NA,"Cd200r4",NA
"3490",NA,"Cldn12",NA
"3491",NA,"Mmp10",NA
"3492",NA,"Dnai4",NA
"3493",NA,"Jazf1",NA
"3494",NA,"Setmar",NA
"3495",NA,"Sardh",NA
"3496",NA,"Ccna2",NA
"3497",NA,"Foxo3",NA
"3498",NA,"Ankle1",NA
"3499",NA,"Gorasp1",NA
"3500",NA,"Rab11fip2",NA
"3501",NA,"Kbtbd3",NA
"3502",NA,"Rtl10",NA
"3503",NA,"Pbx4",NA
"3504",NA,"Ralgds",NA
"3505",NA,"Tnks1bp1",NA
"3506",NA,"Pak1",NA
"3507",NA,"Naip5",NA
"3508",NA,"Dhfr",NA
"3509",NA,"Fkbpl",NA
"3510",NA,"Hes1",NA
"3511",NA,"Ms4a1",NA
"3512",NA,"Agap1",NA
"3513",NA,"Rttn",NA
"3514",NA,"Actn3",NA
"3515",NA,"Carm1",NA
"3516",NA,"Csgalnact1",NA
"3517",NA,"Bcdin3d",NA
"3518",NA,"H2bc6",NA
"3519",NA,"Alg10b",NA
"3520",NA,"Fam110b",NA
"3521",NA,"Wdcp",NA
"3522",NA,"Cdca3",NA
"3523",NA,"Dok3",NA
"3524",NA,"2010315B03Rik",NA
"3525",NA,"Rbpms2",NA
"3526",NA,"Mpst",NA
"3527",NA,"Pde11a",NA
"3528",NA,"C1qtnf12",NA
"3529",NA,"Myo1d",NA
"3530",NA,"Mmp12",NA
"3531",NA,"Nhej1",NA
"3532",NA,"Tmem240",NA
"3533",NA,"Pdzd2",NA
"3534",NA,"Adal",NA
"3535",NA,"Tecpr2",NA
"3536",NA,"Atxn7",NA
"3537",NA,"Ighv4-1",NA
"3538",NA,"F11r",NA
"3539",NA,"Zfp367",NA
"3540",NA,"Ankrd29",NA
"3541",NA,"Nuak2",NA
"3542",NA,"Fgf2",NA
"3543",NA,"Parp12",NA
"3544",NA,"H4c17",NA
"3545",NA,"Fam43a",NA
"3546",NA,"Ppt2",NA
"3547",NA,"Nutf2-ps1",NA
"3548",NA,"Ighv5-9",NA
"3549",NA,"Tmem86b",NA
"3550",NA,"Mitf",NA
"3551",NA,"Zcchc18",NA
"3552",NA,"Slc2a9",NA
"3553",NA,"Cecr2",NA
"3554",NA,"Car8",NA
"3555",NA,"Tle2",NA
"3556",NA,"Timmdc1",NA
"3557",NA,"Denn2b",NA
"3558",NA,"Lag3",NA
"3559",NA,"Rsad2",NA
"3560",NA,"Mrnip",NA
"3561",NA,"Thbs1",NA
"3562",NA,"Dbp",NA
"3563",NA,"Ckap2l",NA
"3564",NA,"Grk4",NA
"3565",NA,"Ptms",NA
"3566",NA,"Tgm1",NA
"3567",NA,"Gucy1a1",NA
"3568",NA,"Clstn3",NA
"3569",NA,"Ttc21b",NA
"3570",NA,"Sptbn2",NA
"3571",NA,"4933416I08Rik",NA
"3572",NA,"Emilin2",NA
"3573",NA,"Dram1",NA
"3574",NA,"Fn3k",NA
"3575",NA,"Mapre3",NA
"3576",NA,"Ccdc191",NA
"3577",NA,"Rps6kc1",NA
"3578",NA,"Tsga10",NA
"3579",NA,"Fam241b",NA
"3580",NA,"Fn1",NA
"3581",NA,"Brd3os",NA
"3582",NA,"Uchl4",NA
"3583",NA,"Slc4a11",NA
"3584",NA,"Prxl2b",NA
"3585",NA,"Sh3pxd2a",NA
"3586",NA,"Tes3-ps",NA
"3587",NA,"Efhc1",NA
"3588",NA,"Rapgef5",NA
"3589",NA,"Zdhhc1",NA
"3590",NA,"Igkv8-30",NA
"3591",NA,"Pcx",NA
"3592",NA,"Trim47",NA
"3593",NA,"Tatdn3",NA
"3594",NA,"Cxcl16",NA
"3595",NA,"Btf3l4b",NA
"3596",NA,"Nudt17",NA
"3597",NA,"Lipt1",NA
"3598",NA,"Art4",NA
"3599",NA,"Tdgf1",NA
"3600",NA,"Tert",NA
"3601",NA,"Cd79a",NA
"3602",NA,"Bbs2",NA
"3603",NA,"Mypop",NA
"3604",NA,"Camk2n2",NA
"3605",NA,"Bivm",NA
"3606",NA,"Cfap74",NA
"3607",NA,"Foxd2",NA
"3608",NA,"Wdr90",NA
"3609",NA,"Zmat3",NA
"3610",NA,"Myl9",NA
"3611",NA,"Tiam2",NA
"3612",NA,"Socs7",NA
"3613",NA,"Gas2",NA
"3614",NA,"Pou6f1",NA
"3615",NA,"Hyal3",NA
"3616",NA,"P2ry14",NA
"3617",NA,"F13a1",NA
"3618",NA,"Naip2",NA
"3619",NA,"Ager",NA
"3620",NA,"Nectin4",NA
"3621",NA,"Slc45a3",NA
"3622",NA,"Adam19",NA
"3623",NA,"Syn1",NA
"3624",NA,"Marcks",NA
"3625",NA,"B3gnt8",NA
"3626",NA,"Cacnb3",NA
"3627",NA,"Ttc30b",NA
"3628",NA,"Tmem273",NA
"3629",NA,"Myo19",NA
"3630",NA,"Rsph3a",NA
"3631",NA,"Rasl11a",NA
"3632",NA,"Tbc1d24",NA
"3633",NA,"Xk",NA
"3634",NA,"Tmtc3",NA
"3635",NA,"Gm3636",NA
"3636",NA,"Map4k5",NA
"3637",NA,"Abhd14b",NA
"3638",NA,"Zfp58",NA
"3639",NA,"Fbxl9",NA
"3640",NA,"Popdc2",NA
"3641",NA,"Tmem198b",NA
"3642",NA,"Atg4c",NA
"3643",NA,"Rab43",NA
"3644",NA,"Trbv30",NA
"3645",NA,"Dlg3",NA
"3646",NA,"Enkd1",NA
"3647",NA,"Tmc4",NA
"3648",NA,"Ppm1k",NA
"3649",NA,"Lzts2",NA
"3650",NA,"Gpx7",NA
"3651",NA,"Vwa3b",NA
"3652",NA,"Pomc",NA
"3653",NA,"Cep128",NA
"3654",NA,"Kcnip3",NA
"3655",NA,"Siah3",NA
"3656",NA,"Ctdsp1",NA
"3657",NA,"Cdkn3",NA
"3658",NA,"Trmt44",NA
"3659",NA,"Agrn",NA
"3660",NA,"Fbxo48",NA
"3661",NA,"Ttc41",NA
"3662",NA,"Cfap20dc",NA
"3663",NA,"Ppp2r3a",NA
"3664",NA,"Tmem163",NA
"3665",NA,"Nmb",NA
"3666",NA,"Pla2g15",NA
"3667",NA,"Tmem267",NA
"3668",NA,"Snrpf",NA
"3669",NA,"Serpina3f",NA
"3670",NA,"Nt5dc3",NA
"3671",NA,"Celsr2",NA
"3672",NA,"Tlr12",NA
"3673",NA,"Acrbp",NA
"3674",NA,"Icam5",NA
"3675",NA,"Kcnab1",NA
"3676",NA,"Il4i1",NA
"3677",NA,"Cep131",NA
"3678",NA,"Chdh",NA
"3679",NA,"Art3",NA
"3680",NA,"Enpp2",NA
"3681",NA,"Zfp983",NA
"3682",NA,"Tarbp1",NA
"3683",NA,"Dusp22",NA
"3684",NA,"Prickle1",NA
"3685",NA,"Arap3",NA
"3686",NA,"Smug1",NA
"3687",NA,"Ccnf",NA
"3688",NA,"Nek3",NA
"3689",NA,"Rwdd3",NA
"3690",NA,"Aunip",NA
"3691",NA,"Cst6",NA
"3692",NA,"Bcl2a1c",NA
"3693",NA,"Tmem106a",NA
"3694",NA,"Tmed1",NA
"3695",NA,"Trav4-4-dv10",NA
"3696",NA,"Dcxr",NA
"3697",NA,"C77080",NA
"3698",NA,"Cd79b",NA
"3699",NA,"Ehd2",NA
"3700",NA,"Afmid",NA
"3701",NA,"Coprs",NA
"3702",NA,"Metrnl",NA
"3703",NA,"6720489N17Rik",NA
"3704",NA,"Haspin",NA
"3705",NA,"Fbxw17",NA
"3706",NA,"Mctp1",NA
"3707",NA,"Rims3",NA
"3708",NA,"Mcoln2",NA
"3709",NA,"Smo",NA
"3710",NA,"Zscan2",NA
"3711",NA,"Fst",NA
"3712",NA,"Klrb1c",NA
"3713",NA,"Ccdc138",NA
"3714",NA,"Axdnd1",NA
"3715",NA,"Pcnx",NA
"3716",NA,"Spag5",NA
"3717",NA,"Zfp273",NA
"3718",NA,"Map6",NA
"3719",NA,"Alg6",NA
"3720",NA,"Tbc1d2",NA
"3721",NA,"Mterf1a",NA
"3722",NA,"Mzb1",NA
"3723",NA,"Qpct",NA
"3724",NA,"Rpusd2",NA
"3725",NA,"Lcn4",NA
"3726",NA,"Cenpv",NA
"3727",NA,"Atp8a2",NA
"3728",NA,"Klrg1",NA
"3729",NA,"Garin1a",NA
"3730",NA,"Msrb1",NA
"3731",NA,"Dag1",NA
"3732",NA,"Gstcd",NA
"3733",NA,"Adgrd1",NA
"3734",NA,"Troap",NA
"3735",NA,"Spats2l",NA
"3736",NA,"Pex26",NA
"3737",NA,"Doc2g",NA
"3738",NA,"Prkar2b",NA
"3739",NA,"Map3k20",NA
"3740",NA,"Efcab5",NA
"3741",NA,"Snx31",NA
"3742",NA,"Adap2",NA
"3743",NA,"Prkce",NA
"3744",NA,"Slc16a3",NA
"3745",NA,"Eri2",NA
"3746",NA,"Kif2c",NA
"3747",NA,"Lhfpl2",NA
"3748",NA,"Spaca1",NA
"3749",NA,"Camk1",NA
"3750",NA,"Mmp11",NA
"3751",NA,"6430571L13Rik",NA
"3752",NA,"Efcab2",NA
"3753",NA,"H3c11",NA
"3754",NA,"Fcgr4",NA
"3755",NA,"H2bc8",NA
"3756",NA,"Zfp2",NA
"3757",NA,"Gprin3",NA
"3758",NA,"Cstpp1",NA
"3759",NA,"Gm14326",NA
"3760",NA,"Cerkl",NA
"3761",NA,"Trip13",NA
"3762",NA,"Adam4",NA
"3763",NA,"Iglc1",NA
"3764",NA,"Mef2c",NA
"3765",NA,"Matn2",NA
"3766",NA,"Aoah",NA
"3767",NA,"Tmem205",NA
"3768",NA,"Tafa3",NA
"3769",NA,"St6galnac3",NA
"3770",NA,"C2",NA
"3771",NA,"Cobll1",NA
"3772",NA,"Ska2",NA
"3773",NA,"Echdc1",NA
"3774",NA,"Tmem170",NA
"3775",NA,"Ccnj",NA
"3776",NA,"Tyro3",NA
"3777",NA,"Esrp2",NA
"3778",NA,"Reep1",NA
"3779",NA,"Kif18a",NA
"3780",NA,"Mtfp1",NA
"3781",NA,"Trip10",NA
"3782",NA,"Padi4",NA
"3783",NA,"Plcg2",NA
"3784",NA,"1700028J19Rik",NA
"3785",NA,"Prokr1",NA
"3786",NA,"Ogfrl1",NA
"3787",NA,"Nubpl",NA
"3788",NA,"Cntln",NA
"3789",NA,"Lpar5",NA
"3790",NA,"Scnn1a",NA
"3791",NA,"Samd11",NA
"3792",NA,"Sord",NA
"3793",NA,"Pou3f1",NA
"3794",NA,"C2cd2",NA
"3795",NA,"Cnbd2",NA
"3796",NA,"Hpgds",NA
"3797",NA,"Gcnt2",NA
"3798",NA,"Rnls",NA
"3799",NA,"Kntc1",NA
"3800",NA,"Ammecr1",NA
"3801",NA,"Cdnf",NA
"3802",NA,"Tns2",NA
"3803",NA,"Capn5",NA
"3804",NA,"Mfsd3",NA
"3805",NA,"Npff",NA
"3806",NA,"Zfp418",NA
"3807",NA,"Sema6c",NA
"3808",NA,"Nxnl2",NA
"3809",NA,"Asph",NA
"3810",NA,"Styk1",NA
"3811",NA,"Prrt3",NA
"3812",NA,"Ceacam1",NA
"3813",NA,"Ankrd6",NA
"3814",NA,"Tmbim1",NA
"3815",NA,"Nrip3",NA
"3816",NA,"Usp50",NA
"3817",NA,"Kcnmb4",NA
"3818",NA,"Spib",NA
"3819",NA,"Zcchc12",NA
"3820",NA,"Sh3gl3",NA
"3821",NA,"Rbm44",NA
"3822",NA,"H2ac13",NA
"3823",NA,"Mipol1",NA
"3824",NA,"Sgo2a",NA
"3825",NA,"Pabpc1l",NA
"3826",NA,"Camk2g",NA
"3827",NA,"Orc1",NA
"3828",NA,"Ptprn",NA
"3829",NA,"Srgap3",NA
"3830",NA,"Slc25a47",NA
"3831",NA,"Ect2",NA
"3832",NA,"Gm10184",NA
"3833",NA,"Trpv6",NA
"3834",NA,"Kcnf1",NA
"3835",NA,"Arhgef10l",NA
"3836",NA,"Dbndd2",NA
"3837",NA,"1700029J07Rik",NA
"3838",NA,"Patl2",NA
"3839",NA,"Trav4-3",NA
"3840",NA,"Katnal1",NA
"3841",NA,"Tkfc",NA
"3842",NA,"Spata1",NA
"3843",NA,"Gm49405",NA
"3844",NA,"Tbxas1",NA
"3845",NA,"Jag1",NA
"3846",NA,"BC035044",NA
"3847",NA,"Epx",NA
"3848",NA,"Usp54",NA
"3849",NA,"I830077J02Rik",NA
"3850",NA,"Dtx4",NA
"3851",NA,"6430550D23Rik",NA
"3852",NA,"Plekhg5",NA
"3853",NA,"Lyrm7",NA
"3854",NA,"Pnck",NA
"3855",NA,"Prr7",NA
"3856",NA,"Gm7324",NA
"3857",NA,"Iglv1",NA
"3858",NA,"Zfp873",NA
"3859",NA,"1700019D03Rik",NA
"3860",NA,"Enthd1",NA
"3861",NA,"Bak1",NA
"3862",NA,"Dipk1c",NA
"3863",NA,"Klre1",NA
"3864",NA,"Kctd1",NA
"3865",NA,"Ifih1",NA
"3866",NA,"Jmjd7",NA
"3867",NA,"Knstrn",NA
"3868",NA,"Dcst1",NA
"3869",NA,"Syt3",NA
"3870",NA,"Wdr59",NA
"3871",NA,"Kifc3",NA
"3872",NA,"Dusp23",NA
"3873",NA,"Sh3bgrl2",NA
"3874",NA,"Ciita",NA
"3875",NA,"H2ac6",NA
"3876",NA,"Zgrf1",NA
"3877",NA,"Alms1",NA
"3878",NA,"Efcab7",NA
"3879",NA,"Eomes",NA
"3880",NA,"Bbof1",NA
"3881",NA,"Pgpep1l",NA
"3882",NA,"Gna15",NA
"3883",NA,"Vkorc1",NA
"3884",NA,"Hc",NA
"3885",NA,"Colq",NA
"3886",NA,"Ly6d",NA
"3887",NA,"Mansc1",NA
"3888",NA,"Trav1",NA
"3889",NA,"Aebp1",NA
"3890",NA,"Apol10b",NA
"3891",NA,"Fzd5",NA
"3892",NA,"Ms4a4a",NA
"3893",NA,"Aldoc",NA
"3894",NA,"Sez6l2",NA
"3895",NA,"Stxbp4",NA
"3896",NA,"Glt8d2",NA
"3897",NA,"Pltp",NA
"3898",NA,"Fndc4",NA
"3899",NA,"Zfp456",NA
"3900",NA,"Cmc4",NA
"3901",NA,"Fbxo36",NA
"3902",NA,"Dedd",NA
"3903",NA,"Plekha6",NA
"3904",NA,"Tmem255a",NA
"3905",NA,"Rasgef1b",NA
"3906",NA,"Tubb4a",NA
"3907",NA,"Thnsl1",NA
"3908",NA,"Ncf2",NA
"3909",NA,"Il17rb",NA
"3910",NA,"Alox5ap",NA
"3911",NA,"Tnfsf10",NA
"3912",NA,"Rad51c",NA
"3913",NA,"Vwf",NA
"3914",NA,"Rdh5",NA
"3915",NA,"Aldh1l2",NA
"3916",NA,"Gkap1",NA
"3917",NA,"Ulbp1",NA
"3918",NA,"Acyp2",NA
"3919",NA,"Nod2",NA
"3920",NA,"Prc1",NA
"3921",NA,"Trav6d-3",NA
"3922",NA,"Ptprf",NA
"3923",NA,"Zfp101",NA
"3924",NA,"Scg2",NA
"3925",NA,"Zdhhc2",NA
"3926",NA,"Scart2",NA
"3927",NA,"Zfp933",NA
"3928",NA,"Rbm12b2",NA
"3929",NA,"Atn1",NA
"3930",NA,"Samd3",NA
"3931",NA,"Mex3a",NA
"3932",NA,"Nfatc2ip",NA
"3933",NA,"Itgam",NA
"3934",NA,"Igkv5-48",NA
"3935",NA,"Itga2b",NA
"3936",NA,"Pam16l",NA
"3937",NA,"Zbtb26",NA
"3938",NA,"Ccdc112",NA
"3939",NA,"Fv1",NA
"3940",NA,"Fgr",NA
"3941",NA,"Csf1",NA
"3942",NA,"Trim7",NA
"3943",NA,"Fhl2",NA
"3944",NA,"Ttll9",NA
"3945",NA,"Arhgef9",NA
"3946",NA,"Tnfsf9",NA
"3947",NA,"Spry2",NA
"3948",NA,"Cd40",NA
"3949",NA,"Zfp974",NA
"3950",NA,"Pou4f1",NA
"3951",NA,"Slc39a2",NA
"3952",NA,"Repin1",NA
"3953",NA,"Ctif",NA
"3954",NA,"Plxna3",NA
"3955",NA,"Smagp",NA
"3956",NA,"Stx3",NA
"3957",NA,"Havcr2",NA
"3958",NA,"Stil",NA
"3959",NA,"Kif13a",NA
"3960",NA,"Atp6v0d2",NA
"3961",NA,"Myh11",NA
"3962",NA,"Odf2l",NA
"3963",NA,"Slc39a1",NA
"3964",NA,"Dyrk3",NA
"3965",NA,"Mcc",NA
"3966",NA,"Dock5",NA
"3967",NA,"Rpl10-ps3",NA
"3968",NA,"Kmo",NA
"3969",NA,"Tulp2",NA
"3970",NA,"H4c8",NA
"3971",NA,"Spc24",NA
"3972",NA,"Prelid3a",NA
"3973",NA,"Wscd2",NA
"3974",NA,"Tmem79",NA
"3975",NA,"Nacad",NA
"3976",NA,"Palm3",NA
"3977",NA,"Abhd18",NA
"3978",NA,"Il6",NA
"3979",NA,"Tulp3",NA
"3980",NA,"Nckap1",NA
"3981",NA,"Zfr2",NA
"3982",NA,"Rab26",NA
"3983",NA,"Ttyh2",NA
"3984",NA,"Farp1",NA
"3985",NA,"Klra4",NA
"3986",NA,"Deptor",NA
"3987",NA,"Scd1",NA
"3988",NA,"Il1a",NA
"3989",NA,"Ggnbp1",NA
"3990",NA,"Mfsd4b4",NA
"3991",NA,"Ccdc15",NA
"3992",NA,"Tmsb15b1",NA
"3993",NA,"Cd46",NA
"3994",NA,"Gad1",NA
"3995",NA,"Il12a",NA
"3996",NA,"Eno2",NA
"3997",NA,"Rhoc",NA
"3998",NA,"Esr1",NA
"3999",NA,"Nrgn",NA
"4000",NA,"Gdf11",NA
"4001",NA,"Plat",NA
"4002",NA,"Depdc1a",NA
"4003",NA,"Dynlt1c",NA
"4004",NA,"Igkv19-93",NA
"4005",NA,"Peli2",NA
"4006",NA,"Gdpd1",NA
"4007",NA,"Plpp2",NA
"4008",NA,"Kif4",NA
"4009",NA,"Syne3",NA
"4010",NA,"Itga10",NA
"4011",NA,"Ccdc173",NA
"4012",NA,"Ss18l1",NA
"4013",NA,"Siglecf",NA
"4014",NA,"Ccno",NA
"4015",NA,"Traj37",NA
"4016",NA,"Sec31b",NA
"4017",NA,"Septin4",NA
"4018",NA,"Zbtb18",NA
"4019",NA,"Trav2",NA
"4020",NA,"Fes",NA
"4021",NA,"Ighg2b",NA
"4022",NA,"Ldhd",NA
"4023",NA,"Hey1",NA
"4024",NA,"Thrb",NA
"4025",NA,"Tnfrsf8",NA
"4026",NA,"Dusp9",NA
"4027",NA,"Sarm1",NA
"4028",NA,"Il11ra1",NA
"4029",NA,"Plekha4",NA
"4030",NA,"Nxt2",NA
"4031",NA,"Erp27",NA
"4032",NA,"Gm12166",NA
"4033",NA,"Gad2",NA
"4034",NA,"Cdcp1",NA
"4035",NA,"Xkr5",NA
"4036",NA,"Cenpk",NA
"4037",NA,"Zbtb46",NA
"4038",NA,"Slc35f5",NA
"4039",NA,"Mef2b",NA
"4040",NA,"Igf2bp2",NA
"4041",NA,"Gjd3",NA
"4042",NA,"Tbc1d32",NA
"4043",NA,"H4c16",NA
"4044",NA,"Cabcoco1",NA
"4045",NA,"Nme2",NA
"4046",NA,"Fbxo47",NA
"4047",NA,"Ncapg",NA
"4048",NA,"Arl6",NA
"4049",NA,"Klrb1a",NA
"4050",NA,"Mst1",NA
"4051",NA,"AI182371",NA
"4052",NA,"Acot1",NA
"4053",NA,"Wdfy4",NA
"4054",NA,"Dgkg",NA
"4055",NA,"Gpr157",NA
"4056",NA,"Serhl",NA
"4057",NA,"Ska1",NA
"4058",NA,"Ankmy1",NA
"4059",NA,"Atf5",NA
"4060",NA,"Zfp879",NA
"4061",NA,"Ajuba",NA
"4062",NA,"Areg",NA
"4063",NA,"H4c9",NA
"4064",NA,"Zcchc24",NA
"4065",NA,"Kifc5b",NA
"4066",NA,"Shf",NA
"4067",NA,"Atxn1",NA
"4068",NA,"Ptpn13",NA
"4069",NA,"Ica1",NA
"4070",NA,"Qrfp",NA
"4071",NA,"Fkbp11",NA
"4072",NA,"Cxcr1",NA
"4073",NA,"Cr2",NA
"4074",NA,"Adrm1b",NA
"4075",NA,"Pnma8c",NA
"4076",NA,"S1pr5",NA
"4077",NA,"Apobr",NA
"4078",NA,"Itsn1",NA
"4079",NA,"Smim27",NA
"4080",NA,"Npdc1",NA
"4081",NA,"Zeb2",NA
"4082",NA,"Mblac1",NA
"4083",NA,"Zfp773",NA
"4084",NA,"Smim10l2a",NA
"4085",NA,"Ppm1n",NA
"4086",NA,"Sdc1",NA
"4087",NA,"Nicn1",NA
"4088",NA,"Igkv3-10",NA
"4089",NA,"Pimreg",NA
"4090",NA,"B4galnt4",NA
"4091",NA,"Syk",NA
"4092",NA,"Rab11fip5",NA
"4093",NA,"Tctn1",NA
"4094",NA,"Celf4",NA
"4095",NA,"Sdc4",NA
"4096",NA,"Gal",NA
"4097",NA,"P2rx5",NA
"4098",NA,"Mtx3",NA
"4099",NA,"Serpinb5",NA
"4100",NA,"Prr22",NA
"4101",NA,"Cfap45",NA
"4102",NA,"Lrrc56",NA
"4103",NA,"Efnb1",NA
"4104",NA,"Zdhhc14",NA
"4105",NA,"Cacna1c",NA
"4106",NA,"Nat8f4",NA
"4107",NA,"Dusp3",NA
"4108",NA,"Bcl11a",NA
"4109",NA,"Gm14139",NA
"4110",NA,"Serpinf1",NA
"4111",NA,"Rps6ka2",NA
"4112",NA,"Uggt2",NA
"4113",NA,"Alox5",NA
"4114",NA,"Zfp111",NA
"4115",NA,"Lama5",NA
"4116",NA,"Trgv2",NA
"4117",NA,"Nkain1",NA
"4118",NA,"Nrg4",NA
"4119",NA,"Cchcr1",NA
"4120",NA,"Zfp428",NA
"4121",NA,"H4c18",NA
"4122",NA,"Tmem14a",NA
"4123",NA,"Slc27a3",NA
"4124",NA,"Zfp658",NA
"4125",NA,"Tusc1",NA
"4126",NA,"Rab7b",NA
"4127",NA,"Zfp599",NA
"4128",NA,"Ttk",NA
"4129",NA,"P3h1",NA
"4130",NA,"Mreg",NA
"4131",NA,"Zfhx2",NA
"4132",NA,"Eif3j2",NA
"4133",NA,"Mcoln3",NA
"4134",NA,"Cdk14",NA
"4135",NA,"Marchf8",NA
"4136",NA,"Phpt1",NA
"4137",NA,"Synj2",NA
"4138",NA,"Klf1",NA
"4139",NA,"Apol9b",NA
"4140",NA,"Brwd3",NA
"4141",NA,"Mpzl1",NA
"4142",NA,"Amigo1",NA
"4143",NA,"Traj39",NA
"4144",NA,"Kcnh4",NA
"4145",NA,"Lynx1",NA
"4146",NA,"3300002I08Rik",NA
"4147",NA,"Fam187b",NA
"4148",NA,"Cxxc5",NA
"4149",NA,"BC024978",NA
"4150",NA,"Calca",NA
"4151",NA,"Btc",NA
"4152",NA,"Myo5b",NA
"4153",NA,"Kiss1r",NA
"4154",NA,"4931428F04Rik",NA
"4155",NA,"Bcr",NA
"4156",NA,"Btbd18",NA
"4157",NA,"Nmnat2",NA
"4158",NA,"Proz",NA
"4159",NA,"Wfdc17",NA
"4160",NA,"Ltbr",NA
"4161",NA,"Slc16a2",NA
"4162",NA,"Sh2b2",NA
"4163",NA,"Sowahc",NA
"4164",NA,"Abcb6",NA
"4165",NA,"Hecw2",NA
"4166",NA,"Hmga1b",NA
"4167",NA,"Rai14",NA
"4168",NA,"Morn1",NA
"4169",NA,"Stab1",NA
"4170",NA,"Gm14325",NA
"4171",NA,"Flvcr2",NA
"4172",NA,"Pkhd1l1",NA
"4173",NA,"Ripply3",NA
"4174",NA,"Lrrk1",NA
"4175",NA,"Gnat1",NA
"4176",NA,"Bbs10",NA
"4177",NA,"Dnaaf2",NA
"4178",NA,"Susd2",NA
"4179",NA,"Prox2",NA
"4180",NA,"Zfp661",NA
"4181",NA,"Ppp1r13l",NA
"4182",NA,"Elane",NA
"4183",NA,"Scart1",NA
"4184",NA,"Wipi1",NA
"4185",NA,"Tifa",NA
