checksums_py_local.csv,d41d8cd98f00b204e9800998ecf8427e
filename,md5_checksum
lib74660_AAANN7JM5_htseq_counts.txt,f1e69f6ff1154497c7e548b74661bbe1
lib74661_AAANN7JM5_htseq_counts.txt,8cefce24f47d7201beb192d552c9a591
lib74662_AAANN7JM5_htseq_counts.txt,1225fff3c0f40b1335301d59390cbaa0
lib74663_AAANN7JM5_htseq_counts.txt,cb48f6a4ba55092b425d63e28ad1b467
lib74664_AAANN7JM5_htseq_counts.txt,e2458aeb7a726f64a0d99556415ca119
lib74665_AAANN7JM5_htseq_counts.txt,b4dd3c83e44ef6c7006ece7d4b43fe0d
lib74666_AAANN7JM5_htseq_counts.txt,ea7117b6fed1329149e887d9ade8bea4
lib74667_AAANN7JM5_htseq_counts.txt,23202575311597bb257546b01bfc897d
lib74668_AAANN7JM5_htseq_counts.txt,6ff1bfa6881f6f5410c0ba2517d3fc58
lib74669_AAANN7JM5_htseq_counts.txt,dc4093d9cf3f94828f0b2dc011c470a9
lib74670_AAANN7JM5_htseq_counts.txt,308677c76036dc07cb5df56fe9cdd4c9
lib74671_AAANN7JM5_htseq_counts.txt,7db504c70c8295e3630afac15139485a