"filename","md5_checksum"
"lib74660_AAANN7JM5_htseq_counts.txt","f452d7b2d0d09bb170d55048c7834346"
"lib74661_AAANN7JM5_htseq_counts.txt","a04073e114bccd89a1c14f88aefc7ac0"
"lib74662_AAANN7JM5_htseq_counts.txt","bd56d57f7a275864a9ada2f399f84cab"
"lib74663_AAANN7JM5_htseq_counts.txt","5e3d13e5b490d468589bd031883a879b"
"lib74664_AAANN7JM5_htseq_counts.txt","c7af9e65d56fd1d563a187bd99c08fad"
"lib74665_AAANN7JM5_htseq_counts.txt","dca5907c7c28f946dc4b7e014d640055"
"lib74666_AAANN7JM5_htseq_counts.txt","73e26cdc490ba876beefd18c476ecdf4"
"lib74667_AAANN7JM5_htseq_counts.txt","b4e769b95351b3d14f3f76d2115ad10a"
"lib74668_AAANN7JM5_htseq_counts.txt","3ce5b71b29eaceda000c4a419f28b494"
"lib74669_AAANN7JM5_htseq_counts.txt","ecadb4d00a301080da77ba8a206ac63d"
"lib74670_AAANN7JM5_htseq_counts.txt","273f296a46465baa1bee644feed0a3f4"
"lib74671_AAANN7JM5_htseq_counts.txt","78b8c21e85b7e48fe26ea51b8acd47e7"
